report_id,zone_id,timestamp,category,time_window,description_stub,status
REP00001,Z12,2025-11-18T02:53:00Z,traffic,night(00-06),Report of traffic noise in Z12 during night(00-06). (Synthetic; no personal data),under_review
REP00002,Z01,2025-12-02T00:45:00Z,music,night(00-06),Report of music noise in Z01 during night(00-06). (Synthetic; no personal data),action_planned
REP00003,Z06,2025-10-15T09:36:00Z,construction,day(09-17),Report of construction noise in Z06 during day(09-17). (Synthetic; no personal data),under_review
REP00004,Z02,2025-11-01T15:32:00Z,machinery,day(09-17),Report of machinery noise in Z02 during day(09-17). (Synthetic; no personal data),action_planned
REP00005,Z07,2025-10-23T12:44:00Z,traffic,day(09-17),Report of traffic noise in Z07 during day(09-17). (Synthetic; no personal data),under_review
REP00006,Z01,2025-11-25T06:26:00Z,music,morning(06-09),Report of music noise in Z01 during morning(06-09). (Synthetic; no personal data),closed
REP00007,Z09,2025-10-07T07:51:00Z,neighbours,morning(06-09),Report of neighbours noise in Z09 during morning(06-09). (Synthetic; no personal data),action_planned
REP00008,Z06,2025-11-03T01:51:00Z,traffic,night(00-06),Report of traffic noise in Z06 during night(00-06). (Synthetic; no personal data),action_planned
REP00009,Z06,2025-10-10T03:19:00Z,music,night(00-06),Report of music noise in Z06 during night(00-06). (Synthetic; no personal data),closed
REP00010,Z04,2025-11-22T01:38:00Z,construction,night(00-06),Report of construction noise in Z04 during night(00-06). (Synthetic; no personal data),action_planned
REP00011,Z01,2025-10-03T17:23:00Z,music,evening(17-22),Report of music noise in Z01 during evening(17-22). (Synthetic; no personal data),under_review
REP00012,Z11,2025-11-30T23:31:00Z,construction,late(22-24),Report of construction noise in Z11 during late(22-24). (Synthetic; no personal data),closed
REP00013,Z10,2025-10-31T23:07:00Z,traffic,late(22-24),Report of traffic noise in Z10 during late(22-24). (Synthetic; no personal data),under_review
REP00014,Z11,2025-11-03T15:13:00Z,neighbours,day(09-17),Report of neighbours noise in Z11 during day(09-17). (Synthetic; no personal data),under_review
REP00015,Z12,2025-11-03T17:33:00Z,neighbours,evening(17-22),Report of neighbours noise in Z12 during evening(17-22). (Synthetic; no personal data),closed
REP00016,Z05,2025-11-19T18:44:00Z,neighbours,evening(17-22),Report of neighbours noise in Z05 during evening(17-22). (Synthetic; no personal data),under_review
REP00017,Z10,2025-10-22T01:43:00Z,neighbours,night(00-06),Report of neighbours noise in Z10 during night(00-06). (Synthetic; no personal data),action_planned
REP00018,Z02,2025-10-13T06:10:00Z,traffic,morning(06-09),Report of traffic noise in Z02 during morning(06-09). (Synthetic; no personal data),under_review
REP00019,Z10,2025-10-04T03:23:00Z,traffic,night(00-06),Report of traffic noise in Z10 during night(00-06). (Synthetic; no personal data),under_review
REP00020,Z04,2025-10-10T16:36:00Z,neighbours,day(09-17),Report of neighbours noise in Z04 during day(09-17). (Synthetic; no personal data),action_planned
REP00021,Z06,2025-11-25T01:49:00Z,machinery,night(00-06),Report of machinery noise in Z06 during night(00-06). (Synthetic; no personal data),action_planned
REP00022,Z12,2025-10-29T09:15:00Z,traffic,day(09-17),Report of traffic noise in Z12 during day(09-17). (Synthetic; no personal data),closed
REP00023,Z04,2025-11-14T09:49:00Z,music,day(09-17),Report of music noise in Z04 during day(09-17). (Synthetic; no personal data),action_planned
REP00024,Z03,2025-11-22T12:06:00Z,traffic,day(09-17),Report of traffic noise in Z03 during day(09-17). (Synthetic; no personal data),action_planned
REP00025,Z05,2025-11-18T00:43:00Z,other,night(00-06),Report of other noise in Z05 during night(00-06). (Synthetic; no personal data),under_review
REP00026,Z12,2025-11-29T18:10:00Z,traffic,evening(17-22),Report of traffic noise in Z12 during evening(17-22). (Synthetic; no personal data),under_review
REP00027,Z06,2025-10-13T03:23:00Z,music,night(00-06),Report of music noise in Z06 during night(00-06). (Synthetic; no personal data),under_review
REP00028,Z12,2025-10-01T03:07:00Z,event,night(00-06),Report of event noise in Z12 during night(00-06). (Synthetic; no personal data),action_planned
REP00029,Z10,2025-11-02T22:37:00Z,machinery,late(22-24),Report of machinery noise in Z10 during late(22-24). (Synthetic; no personal data),under_review
REP00030,Z02,2025-10-19T15:12:00Z,machinery,day(09-17),Report of machinery noise in Z02 during day(09-17). (Synthetic; no personal data),action_planned
REP00031,Z11,2025-11-29T03:56:00Z,traffic,night(00-06),Report of traffic noise in Z11 during night(00-06). (Synthetic; no personal data),under_review
REP00032,Z05,2025-10-30T08:08:00Z,traffic,morning(06-09),Report of traffic noise in Z05 during morning(06-09). (Synthetic; no personal data),under_review
REP00033,Z05,2025-10-23T04:53:00Z,traffic,night(00-06),Report of traffic noise in Z05 during night(00-06). (Synthetic; no personal data),under_review
REP00034,Z04,2025-11-17T07:05:00Z,event,morning(06-09),Report of event noise in Z04 during morning(06-09). (Synthetic; no personal data),under_review
REP00035,Z10,2025-10-11T21:26:00Z,traffic,evening(17-22),Report of traffic noise in Z10 during evening(17-22). (Synthetic; no personal data),under_review
REP00036,Z10,2025-10-29T10:28:00Z,neighbours,day(09-17),Report of neighbours noise in Z10 during day(09-17). (Synthetic; no personal data),closed
REP00037,Z05,2025-11-19T01:44:00Z,music,night(00-06),Report of music noise in Z05 during night(00-06). (Synthetic; no personal data),under_review
REP00038,Z01,2025-11-07T08:57:00Z,machinery,morning(06-09),Report of machinery noise in Z01 during morning(06-09). (Synthetic; no personal data),under_review
REP00039,Z04,2025-11-07T06:54:00Z,machinery,morning(06-09),Report of machinery noise in Z04 during morning(06-09). (Synthetic; no personal data),under_review
REP00040,Z10,2025-10-28T19:08:00Z,construction,evening(17-22),Report of construction noise in Z10 during evening(17-22). (Synthetic; no personal data),under_review
REP00041,Z08,2025-10-06T04:13:00Z,event,night(00-06),Report of event noise in Z08 during night(00-06). (Synthetic; no personal data),action_planned
REP00042,Z07,2025-11-19T03:19:00Z,event,night(00-06),Report of event noise in Z07 during night(00-06). (Synthetic; no personal data),action_planned
REP00043,Z12,2025-10-16T06:24:00Z,traffic,morning(06-09),Report of traffic noise in Z12 during morning(06-09). (Synthetic; no personal data),under_review
REP00044,Z05,2025-11-10T05:42:00Z,construction,night(00-06),Report of construction noise in Z05 during night(00-06). (Synthetic; no personal data),action_planned
REP00045,Z11,2025-10-05T18:36:00Z,construction,evening(17-22),Report of construction noise in Z11 during evening(17-22). (Synthetic; no personal data),under_review
REP00046,Z05,2025-10-16T13:40:00Z,event,day(09-17),Report of event noise in Z05 during day(09-17). (Synthetic; no personal data),action_planned
REP00047,Z03,2025-11-21T11:38:00Z,construction,day(09-17),Report of construction noise in Z03 during day(09-17). (Synthetic; no personal data),under_review
REP00048,Z01,2025-10-27T02:31:00Z,machinery,night(00-06),Report of machinery noise in Z01 during night(00-06). (Synthetic; no personal data),under_review
REP00049,Z04,2025-10-02T06:31:00Z,music,morning(06-09),Report of music noise in Z04 during morning(06-09). (Synthetic; no personal data),action_planned
REP00050,Z08,2025-10-31T14:17:00Z,traffic,day(09-17),Report of traffic noise in Z08 during day(09-17). (Synthetic; no personal data),under_review
REP00051,Z10,2025-11-21T21:17:00Z,music,evening(17-22),Report of music noise in Z10 during evening(17-22). (Synthetic; no personal data),under_review
REP00052,Z03,2025-11-16T22:19:00Z,event,late(22-24),Report of event noise in Z03 during late(22-24). (Synthetic; no personal data),under_review
REP00053,Z08,2025-10-02T00:26:00Z,music,night(00-06),Report of music noise in Z08 during night(00-06). (Synthetic; no personal data),under_review
REP00054,Z05,2025-10-23T06:24:00Z,construction,morning(06-09),Report of construction noise in Z05 during morning(06-09). (Synthetic; no personal data),action_planned
REP00055,Z06,2025-10-22T22:37:00Z,event,late(22-24),Report of event noise in Z06 during late(22-24). (Synthetic; no personal data),under_review
REP00056,Z03,2025-11-05T22:07:00Z,traffic,late(22-24),Report of traffic noise in Z03 during late(22-24). (Synthetic; no personal data),action_planned
REP00057,Z06,2025-10-31T11:57:00Z,other,day(09-17),Report of other noise in Z06 during day(09-17). (Synthetic; no personal data),under_review
REP00058,Z05,2025-10-17T23:01:00Z,traffic,late(22-24),Report of traffic noise in Z05 during late(22-24). (Synthetic; no personal data),under_review
REP00059,Z09,2025-10-30T06:18:00Z,construction,morning(06-09),Report of construction noise in Z09 during morning(06-09). (Synthetic; no personal data),closed
REP00060,Z07,2025-10-16T03:44:00Z,other,night(00-06),Report of other noise in Z07 during night(00-06). (Synthetic; no personal data),under_review
REP00061,Z04,2025-10-15T00:24:00Z,construction,night(00-06),Report of construction noise in Z04 during night(00-06). (Synthetic; no personal data),action_planned
REP00062,Z04,2025-12-02T07:43:00Z,traffic,morning(06-09),Report of traffic noise in Z04 during morning(06-09). (Synthetic; no personal data),under_review
REP00063,Z11,2025-11-16T11:13:00Z,music,day(09-17),Report of music noise in Z11 during day(09-17). (Synthetic; no personal data),under_review
REP00064,Z08,2025-11-22T05:45:00Z,machinery,night(00-06),Report of machinery noise in Z08 during night(00-06). (Synthetic; no personal data),under_review
REP00065,Z11,2025-11-27T13:29:00Z,other,day(09-17),Report of other noise in Z11 during day(09-17). (Synthetic; no personal data),action_planned
REP00066,Z06,2025-11-25T04:19:00Z,event,night(00-06),Report of event noise in Z06 during night(00-06). (Synthetic; no personal data),closed
REP00067,Z11,2025-10-14T11:10:00Z,neighbours,day(09-17),Report of neighbours noise in Z11 during day(09-17). (Synthetic; no personal data),under_review
REP00068,Z03,2025-10-02T11:03:00Z,music,day(09-17),Report of music noise in Z03 during day(09-17). (Synthetic; no personal data),closed
REP00069,Z05,2025-10-14T23:00:00Z,construction,late(22-24),Report of construction noise in Z05 during late(22-24). (Synthetic; no personal data),under_review
REP00070,Z07,2025-10-21T09:21:00Z,traffic,day(09-17),Report of traffic noise in Z07 during day(09-17). (Synthetic; no personal data),under_review
REP00071,Z02,2025-10-21T05:50:00Z,traffic,night(00-06),Report of traffic noise in Z02 during night(00-06). (Synthetic; no personal data),under_review
REP00072,Z12,2025-10-18T17:41:00Z,traffic,evening(17-22),Report of traffic noise in Z12 during evening(17-22). (Synthetic; no personal data),under_review
REP00073,Z09,2025-10-08T20:38:00Z,traffic,evening(17-22),Report of traffic noise in Z09 during evening(17-22). (Synthetic; no personal data),under_review
REP00074,Z08,2025-11-17T20:21:00Z,traffic,evening(17-22),Report of traffic noise in Z08 during evening(17-22). (Synthetic; no personal data),under_review
REP00075,Z05,2025-10-22T12:50:00Z,machinery,day(09-17),Report of machinery noise in Z05 during day(09-17). (Synthetic; no personal data),action_planned
REP00076,Z02,2025-10-24T17:54:00Z,music,evening(17-22),Report of music noise in Z02 during evening(17-22). (Synthetic; no personal data),closed
REP00077,Z01,2025-10-10T23:24:00Z,traffic,late(22-24),Report of traffic noise in Z01 during late(22-24). (Synthetic; no personal data),action_planned
REP00078,Z10,2025-10-06T16:51:00Z,event,day(09-17),Report of event noise in Z10 during day(09-17). (Synthetic; no personal data),under_review
REP00079,Z04,2025-10-09T21:57:00Z,music,evening(17-22),Report of music noise in Z04 during evening(17-22). (Synthetic; no personal data),action_planned
REP00080,Z03,2025-10-21T19:55:00Z,event,evening(17-22),Report of event noise in Z03 during evening(17-22). (Synthetic; no personal data),under_review
REP00081,Z04,2025-10-08T20:42:00Z,event,evening(17-22),Report of event noise in Z04 during evening(17-22). (Synthetic; no personal data),under_review
REP00082,Z05,2025-11-27T04:09:00Z,event,night(00-06),Report of event noise in Z05 during night(00-06). (Synthetic; no personal data),action_planned
REP00083,Z05,2025-11-11T15:48:00Z,traffic,day(09-17),Report of traffic noise in Z05 during day(09-17). (Synthetic; no personal data),under_review
REP00084,Z09,2025-10-02T17:13:00Z,traffic,evening(17-22),Report of traffic noise in Z09 during evening(17-22). (Synthetic; no personal data),action_planned
REP00085,Z12,2025-10-22T19:22:00Z,music,evening(17-22),Report of music noise in Z12 during evening(17-22). (Synthetic; no personal data),under_review
REP00086,Z02,2025-10-27T13:22:00Z,traffic,day(09-17),Report of traffic noise in Z02 during day(09-17). (Synthetic; no personal data),closed
REP00087,Z11,2025-10-29T05:40:00Z,traffic,night(00-06),Report of traffic noise in Z11 during night(00-06). (Synthetic; no personal data),under_review
REP00088,Z06,2025-11-14T08:30:00Z,traffic,morning(06-09),Report of traffic noise in Z06 during morning(06-09). (Synthetic; no personal data),action_planned
REP00089,Z04,2025-10-18T08:52:00Z,neighbours,morning(06-09),Report of neighbours noise in Z04 during morning(06-09). (Synthetic; no personal data),under_review
REP00090,Z10,2025-10-01T14:26:00Z,traffic,day(09-17),Report of traffic noise in Z10 during day(09-17). (Synthetic; no personal data),action_planned
REP00091,Z07,2025-10-03T21:39:00Z,neighbours,evening(17-22),Report of neighbours noise in Z07 during evening(17-22). (Synthetic; no personal data),under_review
REP00092,Z09,2025-11-06T18:12:00Z,traffic,evening(17-22),Report of traffic noise in Z09 during evening(17-22). (Synthetic; no personal data),closed
REP00093,Z12,2025-11-23T10:27:00Z,other,day(09-17),Report of other noise in Z12 during day(09-17). (Synthetic; no personal data),closed
REP00094,Z03,2025-10-17T17:58:00Z,music,evening(17-22),Report of music noise in Z03 during evening(17-22). (Synthetic; no personal data),closed
REP00095,Z04,2025-10-10T04:15:00Z,event,night(00-06),Report of event noise in Z04 during night(00-06). (Synthetic; no personal data),action_planned
REP00096,Z03,2025-10-10T10:39:00Z,traffic,day(09-17),Report of traffic noise in Z03 during day(09-17). (Synthetic; no personal data),closed
REP00097,Z08,2025-11-28T11:15:00Z,music,day(09-17),Report of music noise in Z08 during day(09-17). (Synthetic; no personal data),closed
REP00098,Z06,2025-10-16T04:04:00Z,event,night(00-06),Report of event noise in Z06 during night(00-06). (Synthetic; no personal data),action_planned
REP00099,Z09,2025-10-08T08:41:00Z,music,morning(06-09),Report of music noise in Z09 during morning(06-09). (Synthetic; no personal data),under_review
REP00100,Z08,2025-11-19T21:05:00Z,machinery,evening(17-22),Report of machinery noise in Z08 during evening(17-22). (Synthetic; no personal data),under_review
REP00101,Z03,2025-11-07T06:10:00Z,traffic,morning(06-09),Report of traffic noise in Z03 during morning(06-09). (Synthetic; no personal data),under_review
REP00102,Z10,2025-10-15T01:05:00Z,music,night(00-06),Report of music noise in Z10 during night(00-06). (Synthetic; no personal data),under_review
REP00103,Z04,2025-11-18T16:54:00Z,machinery,day(09-17),Report of machinery noise in Z04 during day(09-17). (Synthetic; no personal data),under_review
REP00104,Z05,2025-10-23T18:55:00Z,construction,evening(17-22),Report of construction noise in Z05 during evening(17-22). (Synthetic; no personal data),action_planned
REP00105,Z11,2025-10-15T00:48:00Z,event,night(00-06),Report of event noise in Z11 during night(00-06). (Synthetic; no personal data),under_review
REP00106,Z09,2025-11-17T10:52:00Z,machinery,day(09-17),Report of machinery noise in Z09 during day(09-17). (Synthetic; no personal data),under_review
REP00107,Z01,2025-10-27T14:11:00Z,music,day(09-17),Report of music noise in Z01 during day(09-17). (Synthetic; no personal data),closed
REP00108,Z06,2025-11-28T03:17:00Z,traffic,night(00-06),Report of traffic noise in Z06 during night(00-06). (Synthetic; no personal data),action_planned
REP00109,Z07,2025-11-11T22:31:00Z,event,late(22-24),Report of event noise in Z07 during late(22-24). (Synthetic; no personal data),action_planned
REP00110,Z10,2025-10-21T08:58:00Z,construction,morning(06-09),Report of construction noise in Z10 during morning(06-09). (Synthetic; no personal data),under_review
REP00111,Z03,2025-10-27T16:10:00Z,music,day(09-17),Report of music noise in Z03 during day(09-17). (Synthetic; no personal data),under_review
REP00112,Z02,2025-11-17T02:41:00Z,neighbours,night(00-06),Report of neighbours noise in Z02 during night(00-06). (Synthetic; no personal data),under_review
REP00113,Z06,2025-11-06T13:14:00Z,music,day(09-17),Report of music noise in Z06 during day(09-17). (Synthetic; no personal data),under_review
REP00114,Z08,2025-10-21T05:45:00Z,machinery,night(00-06),Report of machinery noise in Z08 during night(00-06). (Synthetic; no personal data),action_planned
REP00115,Z08,2025-11-06T10:24:00Z,traffic,day(09-17),Report of traffic noise in Z08 during day(09-17). (Synthetic; no personal data),action_planned
REP00116,Z12,2025-10-09T11:32:00Z,music,day(09-17),Report of music noise in Z12 during day(09-17). (Synthetic; no personal data),under_review
REP00117,Z12,2025-10-23T15:55:00Z,traffic,day(09-17),Report of traffic noise in Z12 during day(09-17). (Synthetic; no personal data),under_review
REP00118,Z09,2025-11-17T17:39:00Z,event,evening(17-22),Report of event noise in Z09 during evening(17-22). (Synthetic; no personal data),action_planned
REP00119,Z11,2025-11-02T02:11:00Z,other,night(00-06),Report of other noise in Z11 during night(00-06). (Synthetic; no personal data),under_review
REP00120,Z09,2025-11-30T03:15:00Z,machinery,night(00-06),Report of machinery noise in Z09 during night(00-06). (Synthetic; no personal data),under_review
REP00121,Z10,2025-10-09T04:08:00Z,music,night(00-06),Report of music noise in Z10 during night(00-06). (Synthetic; no personal data),under_review
REP00122,Z08,2025-11-03T16:37:00Z,construction,day(09-17),Report of construction noise in Z08 during day(09-17). (Synthetic; no personal data),under_review
REP00123,Z08,2025-10-19T21:22:00Z,traffic,evening(17-22),Report of traffic noise in Z08 during evening(17-22). (Synthetic; no personal data),action_planned
REP00124,Z08,2025-11-21T00:46:00Z,traffic,night(00-06),Report of traffic noise in Z08 during night(00-06). (Synthetic; no personal data),under_review
REP00125,Z10,2025-11-09T14:27:00Z,event,day(09-17),Report of event noise in Z10 during day(09-17). (Synthetic; no personal data),under_review
REP00126,Z07,2025-12-02T19:04:00Z,other,evening(17-22),Report of other noise in Z07 during evening(17-22). (Synthetic; no personal data),under_review
REP00127,Z12,2025-10-15T17:24:00Z,traffic,evening(17-22),Report of traffic noise in Z12 during evening(17-22). (Synthetic; no personal data),closed
REP00128,Z05,2025-11-19T22:14:00Z,traffic,late(22-24),Report of traffic noise in Z05 during late(22-24). (Synthetic; no personal data),under_review
REP00129,Z12,2025-11-24T04:42:00Z,machinery,night(00-06),Report of machinery noise in Z12 during night(00-06). (Synthetic; no personal data),action_planned
REP00130,Z05,2025-11-01T14:33:00Z,music,day(09-17),Report of music noise in Z05 during day(09-17). (Synthetic; no personal data),under_review
REP00131,Z10,2025-11-15T07:35:00Z,event,morning(06-09),Report of event noise in Z10 during morning(06-09). (Synthetic; no personal data),under_review
REP00132,Z04,2025-11-29T21:36:00Z,machinery,evening(17-22),Report of machinery noise in Z04 during evening(17-22). (Synthetic; no personal data),under_review
REP00133,Z08,2025-10-22T15:42:00Z,construction,day(09-17),Report of construction noise in Z08 during day(09-17). (Synthetic; no personal data),under_review
REP00134,Z11,2025-10-08T00:49:00Z,music,night(00-06),Report of music noise in Z11 during night(00-06). (Synthetic; no personal data),under_review
REP00135,Z10,2025-10-19T03:41:00Z,music,night(00-06),Report of music noise in Z10 during night(00-06). (Synthetic; no personal data),closed
REP00136,Z12,2025-11-09T17:10:00Z,traffic,evening(17-22),Report of traffic noise in Z12 during evening(17-22). (Synthetic; no personal data),action_planned
REP00137,Z09,2025-11-17T08:48:00Z,traffic,morning(06-09),Report of traffic noise in Z09 during morning(06-09). (Synthetic; no personal data),under_review
REP00138,Z07,2025-10-13T00:06:00Z,music,night(00-06),Report of music noise in Z07 during night(00-06). (Synthetic; no personal data),action_planned
REP00139,Z04,2025-10-18T16:21:00Z,event,day(09-17),Report of event noise in Z04 during day(09-17). (Synthetic; no personal data),action_planned
REP00140,Z04,2025-11-05T10:37:00Z,event,day(09-17),Report of event noise in Z04 during day(09-17). (Synthetic; no personal data),action_planned
REP00141,Z01,2025-11-23T11:15:00Z,event,day(09-17),Report of event noise in Z01 during day(09-17). (Synthetic; no personal data),action_planned
REP00142,Z11,2025-11-22T00:57:00Z,other,night(00-06),Report of other noise in Z11 during night(00-06). (Synthetic; no personal data),closed
REP00143,Z03,2025-11-02T16:01:00Z,traffic,day(09-17),Report of traffic noise in Z03 during day(09-17). (Synthetic; no personal data),closed
REP00144,Z01,2025-12-01T21:42:00Z,music,evening(17-22),Report of music noise in Z01 during evening(17-22). (Synthetic; no personal data),under_review
REP00145,Z07,2025-10-24T04:34:00Z,event,night(00-06),Report of event noise in Z07 during night(00-06). (Synthetic; no personal data),under_review
REP00146,Z03,2025-10-21T04:04:00Z,construction,night(00-06),Report of construction noise in Z03 during night(00-06). (Synthetic; no personal data),closed
REP00147,Z07,2025-10-28T11:29:00Z,event,day(09-17),Report of event noise in Z07 during day(09-17). (Synthetic; no personal data),under_review
REP00148,Z06,2025-11-26T14:07:00Z,other,day(09-17),Report of other noise in Z06 during day(09-17). (Synthetic; no personal data),under_review
REP00149,Z12,2025-11-04T21:09:00Z,event,evening(17-22),Report of event noise in Z12 during evening(17-22). (Synthetic; no personal data),under_review
REP00150,Z11,2025-10-02T03:52:00Z,other,night(00-06),Report of other noise in Z11 during night(00-06). (Synthetic; no personal data),under_review
REP00151,Z11,2025-10-09T05:54:00Z,music,night(00-06),Report of music noise in Z11 during night(00-06). (Synthetic; no personal data),under_review
REP00152,Z08,2025-11-29T15:31:00Z,music,day(09-17),Report of music noise in Z08 during day(09-17). (Synthetic; no personal data),action_planned
REP00153,Z04,2025-11-14T10:08:00Z,traffic,day(09-17),Report of traffic noise in Z04 during day(09-17). (Synthetic; no personal data),under_review
REP00154,Z11,2025-11-18T07:30:00Z,traffic,morning(06-09),Report of traffic noise in Z11 during morning(06-09). (Synthetic; no personal data),action_planned
REP00155,Z06,2025-11-03T03:51:00Z,traffic,night(00-06),Report of traffic noise in Z06 during night(00-06). (Synthetic; no personal data),action_planned
REP00156,Z10,2025-11-26T05:42:00Z,event,night(00-06),Report of event noise in Z10 during night(00-06). (Synthetic; no personal data),under_review
REP00157,Z02,2025-10-15T13:31:00Z,machinery,day(09-17),Report of machinery noise in Z02 during day(09-17). (Synthetic; no personal data),under_review
REP00158,Z07,2025-11-24T02:49:00Z,construction,night(00-06),Report of construction noise in Z07 during night(00-06). (Synthetic; no personal data),under_review
REP00159,Z05,2025-10-09T08:56:00Z,music,morning(06-09),Report of music noise in Z05 during morning(06-09). (Synthetic; no personal data),under_review
REP00160,Z04,2025-11-01T07:48:00Z,traffic,morning(06-09),Report of traffic noise in Z04 during morning(06-09). (Synthetic; no personal data),under_review
REP00161,Z05,2025-11-03T03:39:00Z,machinery,night(00-06),Report of machinery noise in Z05 during night(00-06). (Synthetic; no personal data),under_review
REP00162,Z04,2025-10-25T23:19:00Z,other,late(22-24),Report of other noise in Z04 during late(22-24). (Synthetic; no personal data),under_review
REP00163,Z03,2025-10-14T05:26:00Z,event,night(00-06),Report of event noise in Z03 during night(00-06). (Synthetic; no personal data),under_review
REP00164,Z06,2025-11-05T03:50:00Z,machinery,night(00-06),Report of machinery noise in Z06 during night(00-06). (Synthetic; no personal data),under_review
REP00165,Z05,2025-10-29T00:46:00Z,music,night(00-06),Report of music noise in Z05 during night(00-06). (Synthetic; no personal data),under_review
REP00166,Z12,2025-10-09T04:02:00Z,music,night(00-06),Report of music noise in Z12 during night(00-06). (Synthetic; no personal data),action_planned
REP00167,Z05,2025-11-17T08:07:00Z,music,morning(06-09),Report of music noise in Z05 during morning(06-09). (Synthetic; no personal data),action_planned
REP00168,Z06,2025-11-05T10:36:00Z,music,day(09-17),Report of music noise in Z06 during day(09-17). (Synthetic; no personal data),under_review
REP00169,Z04,2025-11-11T22:06:00Z,construction,late(22-24),Report of construction noise in Z04 during late(22-24). (Synthetic; no personal data),closed
REP00170,Z07,2025-10-18T21:51:00Z,other,evening(17-22),Report of other noise in Z07 during evening(17-22). (Synthetic; no personal data),under_review
REP00171,Z07,2025-11-11T18:00:00Z,neighbours,evening(17-22),Report of neighbours noise in Z07 during evening(17-22). (Synthetic; no personal data),under_review
REP00172,Z09,2025-11-10T04:48:00Z,other,night(00-06),Report of other noise in Z09 during night(00-06). (Synthetic; no personal data),action_planned
REP00173,Z11,2025-11-21T20:26:00Z,machinery,evening(17-22),Report of machinery noise in Z11 during evening(17-22). (Synthetic; no personal data),action_planned
REP00174,Z12,2025-11-23T16:09:00Z,other,day(09-17),Report of other noise in Z12 during day(09-17). (Synthetic; no personal data),action_planned
REP00175,Z02,2025-10-17T11:48:00Z,construction,day(09-17),Report of construction noise in Z02 during day(09-17). (Synthetic; no personal data),action_planned
REP00176,Z02,2025-10-12T20:36:00Z,neighbours,evening(17-22),Report of neighbours noise in Z02 during evening(17-22). (Synthetic; no personal data),under_review
REP00177,Z11,2025-10-11T11:17:00Z,machinery,day(09-17),Report of machinery noise in Z11 during day(09-17). (Synthetic; no personal data),action_planned
REP00178,Z09,2025-11-13T18:55:00Z,music,evening(17-22),Report of music noise in Z09 during evening(17-22). (Synthetic; no personal data),under_review
REP00179,Z04,2025-10-10T03:48:00Z,other,night(00-06),Report of other noise in Z04 during night(00-06). (Synthetic; no personal data),under_review
REP00180,Z01,2025-11-07T13:52:00Z,neighbours,day(09-17),Report of neighbours noise in Z01 during day(09-17). (Synthetic; no personal data),under_review
REP00181,Z06,2025-10-16T15:02:00Z,construction,day(09-17),Report of construction noise in Z06 during day(09-17). (Synthetic; no personal data),under_review
REP00182,Z02,2025-10-31T02:39:00Z,machinery,night(00-06),Report of machinery noise in Z02 during night(00-06). (Synthetic; no personal data),under_review
REP00183,Z08,2025-11-03T18:46:00Z,neighbours,evening(17-22),Report of neighbours noise in Z08 during evening(17-22). (Synthetic; no personal data),under_review
REP00184,Z04,2025-12-01T04:49:00Z,other,night(00-06),Report of other noise in Z04 during night(00-06). (Synthetic; no personal data),closed
REP00185,Z01,2025-10-15T11:28:00Z,event,day(09-17),Report of event noise in Z01 during day(09-17). (Synthetic; no personal data),under_review
REP00186,Z02,2025-11-16T02:31:00Z,event,night(00-06),Report of event noise in Z02 during night(00-06). (Synthetic; no personal data),under_review
REP00187,Z06,2025-10-12T02:54:00Z,traffic,night(00-06),Report of traffic noise in Z06 during night(00-06). (Synthetic; no personal data),action_planned
REP00188,Z11,2025-11-02T01:13:00Z,construction,night(00-06),Report of construction noise in Z11 during night(00-06). (Synthetic; no personal data),action_planned
REP00189,Z03,2025-11-13T10:04:00Z,event,day(09-17),Report of event noise in Z03 during day(09-17). (Synthetic; no personal data),action_planned
REP00190,Z03,2025-10-01T12:07:00Z,traffic,day(09-17),Report of traffic noise in Z03 during day(09-17). (Synthetic; no personal data),under_review
REP00191,Z05,2025-11-30T13:22:00Z,event,day(09-17),Report of event noise in Z05 during day(09-17). (Synthetic; no personal data),under_review
REP00192,Z05,2025-10-25T07:18:00Z,traffic,morning(06-09),Report of traffic noise in Z05 during morning(06-09). (Synthetic; no personal data),action_planned
REP00193,Z06,2025-11-17T08:21:00Z,music,morning(06-09),Report of music noise in Z06 during morning(06-09). (Synthetic; no personal data),under_review
REP00194,Z02,2025-11-22T16:29:00Z,machinery,day(09-17),Report of machinery noise in Z02 during day(09-17). (Synthetic; no personal data),closed
REP00195,Z11,2025-11-12T13:25:00Z,traffic,day(09-17),Report of traffic noise in Z11 during day(09-17). (Synthetic; no personal data),under_review
REP00196,Z11,2025-11-14T18:11:00Z,traffic,evening(17-22),Report of traffic noise in Z11 during evening(17-22). (Synthetic; no personal data),under_review
REP00197,Z05,2025-11-29T10:27:00Z,neighbours,day(09-17),Report of neighbours noise in Z05 during day(09-17). (Synthetic; no personal data),action_planned
REP00198,Z08,2025-10-06T06:17:00Z,event,morning(06-09),Report of event noise in Z08 during morning(06-09). (Synthetic; no personal data),closed
REP00199,Z10,2025-10-29T04:31:00Z,other,night(00-06),Report of other noise in Z10 during night(00-06). (Synthetic; no personal data),under_review
REP00200,Z11,2025-10-01T18:07:00Z,other,evening(17-22),Report of other noise in Z11 during evening(17-22). (Synthetic; no personal data),action_planned
REP00201,Z09,2025-10-04T04:14:00Z,construction,night(00-06),Report of construction noise in Z09 during night(00-06). (Synthetic; no personal data),action_planned
REP00202,Z07,2025-11-11T16:55:00Z,machinery,day(09-17),Report of machinery noise in Z07 during day(09-17). (Synthetic; no personal data),closed
REP00203,Z07,2025-10-18T20:21:00Z,traffic,evening(17-22),Report of traffic noise in Z07 during evening(17-22). (Synthetic; no personal data),under_review
REP00204,Z05,2025-11-26T22:47:00Z,neighbours,late(22-24),Report of neighbours noise in Z05 during late(22-24). (Synthetic; no personal data),closed
REP00205,Z04,2025-12-02T08:27:00Z,machinery,morning(06-09),Report of machinery noise in Z04 during morning(06-09). (Synthetic; no personal data),action_planned
REP00206,Z07,2025-11-02T10:49:00Z,music,day(09-17),Report of music noise in Z07 during day(09-17). (Synthetic; no personal data),under_review
REP00207,Z03,2025-11-15T09:06:00Z,neighbours,day(09-17),Report of neighbours noise in Z03 during day(09-17). (Synthetic; no personal data),action_planned
REP00208,Z06,2025-11-30T05:58:00Z,neighbours,night(00-06),Report of neighbours noise in Z06 during night(00-06). (Synthetic; no personal data),action_planned
REP00209,Z01,2025-10-26T05:31:00Z,machinery,night(00-06),Report of machinery noise in Z01 during night(00-06). (Synthetic; no personal data),under_review
REP00210,Z07,2025-11-06T19:42:00Z,traffic,evening(17-22),Report of traffic noise in Z07 during evening(17-22). (Synthetic; no personal data),action_planned
REP00211,Z04,2025-11-23T21:46:00Z,other,evening(17-22),Report of other noise in Z04 during evening(17-22). (Synthetic; no personal data),under_review
REP00212,Z05,2025-11-27T07:17:00Z,music,morning(06-09),Report of music noise in Z05 during morning(06-09). (Synthetic; no personal data),under_review
REP00213,Z11,2025-10-31T07:49:00Z,traffic,morning(06-09),Report of traffic noise in Z11 during morning(06-09). (Synthetic; no personal data),closed
REP00214,Z06,2025-10-06T00:11:00Z,event,night(00-06),Report of event noise in Z06 during night(00-06). (Synthetic; no personal data),action_planned
REP00215,Z12,2025-12-01T08:03:00Z,traffic,morning(06-09),Report of traffic noise in Z12 during morning(06-09). (Synthetic; no personal data),under_review
REP00216,Z06,2025-10-03T01:33:00Z,neighbours,night(00-06),Report of neighbours noise in Z06 during night(00-06). (Synthetic; no personal data),under_review
REP00217,Z08,2025-11-06T21:27:00Z,other,evening(17-22),Report of other noise in Z08 during evening(17-22). (Synthetic; no personal data),closed
REP00218,Z08,2025-10-09T23:24:00Z,neighbours,late(22-24),Report of neighbours noise in Z08 during late(22-24). (Synthetic; no personal data),action_planned
REP00219,Z06,2025-11-02T03:58:00Z,event,night(00-06),Report of event noise in Z06 during night(00-06). (Synthetic; no personal data),under_review
REP00220,Z11,2025-11-22T19:08:00Z,other,evening(17-22),Report of other noise in Z11 during evening(17-22). (Synthetic; no personal data),action_planned
REP00221,Z03,2025-10-20T01:35:00Z,machinery,night(00-06),Report of machinery noise in Z03 during night(00-06). (Synthetic; no personal data),under_review
REP00222,Z05,2025-11-21T20:39:00Z,machinery,evening(17-22),Report of machinery noise in Z05 during evening(17-22). (Synthetic; no personal data),closed
REP00223,Z01,2025-10-02T07:01:00Z,construction,morning(06-09),Report of construction noise in Z01 during morning(06-09). (Synthetic; no personal data),under_review
REP00224,Z12,2025-10-11T20:07:00Z,event,evening(17-22),Report of event noise in Z12 during evening(17-22). (Synthetic; no personal data),under_review
REP00225,Z12,2025-11-15T20:09:00Z,machinery,evening(17-22),Report of machinery noise in Z12 during evening(17-22). (Synthetic; no personal data),under_review
REP00226,Z09,2025-10-21T04:22:00Z,neighbours,night(00-06),Report of neighbours noise in Z09 during night(00-06). (Synthetic; no personal data),under_review
REP00227,Z12,2025-10-13T03:44:00Z,event,night(00-06),Report of event noise in Z12 during night(00-06). (Synthetic; no personal data),action_planned
REP00228,Z03,2025-10-26T06:27:00Z,machinery,morning(06-09),Report of machinery noise in Z03 during morning(06-09). (Synthetic; no personal data),under_review
REP00229,Z08,2025-10-31T04:28:00Z,other,night(00-06),Report of other noise in Z08 during night(00-06). (Synthetic; no personal data),under_review
REP00230,Z08,2025-10-02T18:10:00Z,neighbours,evening(17-22),Report of neighbours noise in Z08 during evening(17-22). (Synthetic; no personal data),action_planned
REP00231,Z01,2025-12-02T18:50:00Z,traffic,evening(17-22),Report of traffic noise in Z01 during evening(17-22). (Synthetic; no personal data),under_review
REP00232,Z09,2025-11-26T11:38:00Z,music,day(09-17),Report of music noise in Z09 during day(09-17). (Synthetic; no personal data),under_review
REP00233,Z07,2025-11-21T03:42:00Z,music,night(00-06),Report of music noise in Z07 during night(00-06). (Synthetic; no personal data),under_review
REP00234,Z07,2025-11-12T16:46:00Z,other,day(09-17),Report of other noise in Z07 during day(09-17). (Synthetic; no personal data),under_review
REP00235,Z04,2025-11-23T11:02:00Z,music,day(09-17),Report of music noise in Z04 during day(09-17). (Synthetic; no personal data),closed
REP00236,Z07,2025-11-01T04:32:00Z,event,night(00-06),Report of event noise in Z07 during night(00-06). (Synthetic; no personal data),action_planned
REP00237,Z11,2025-11-16T01:49:00Z,music,night(00-06),Report of music noise in Z11 during night(00-06). (Synthetic; no personal data),under_review
REP00238,Z09,2025-10-12T23:46:00Z,construction,late(22-24),Report of construction noise in Z09 during late(22-24). (Synthetic; no personal data),under_review
REP00239,Z01,2025-10-26T23:10:00Z,neighbours,late(22-24),Report of neighbours noise in Z01 during late(22-24). (Synthetic; no personal data),action_planned
REP00240,Z12,2025-11-15T11:59:00Z,traffic,day(09-17),Report of traffic noise in Z12 during day(09-17). (Synthetic; no personal data),under_review
REP00241,Z09,2025-10-01T16:18:00Z,machinery,day(09-17),Report of machinery noise in Z09 during day(09-17). (Synthetic; no personal data),under_review
REP00242,Z08,2025-10-21T11:29:00Z,other,day(09-17),Report of other noise in Z08 during day(09-17). (Synthetic; no personal data),action_planned
REP00243,Z09,2025-11-20T08:24:00Z,event,morning(06-09),Report of event noise in Z09 during morning(06-09). (Synthetic; no personal data),closed
REP00244,Z11,2025-10-30T15:34:00Z,music,day(09-17),Report of music noise in Z11 during day(09-17). (Synthetic; no personal data),closed
REP00245,Z02,2025-10-19T16:10:00Z,neighbours,day(09-17),Report of neighbours noise in Z02 during day(09-17). (Synthetic; no personal data),under_review
REP00246,Z07,2025-11-02T04:49:00Z,machinery,night(00-06),Report of machinery noise in Z07 during night(00-06). (Synthetic; no personal data),closed
REP00247,Z06,2025-10-19T22:17:00Z,construction,late(22-24),Report of construction noise in Z06 during late(22-24). (Synthetic; no personal data),action_planned
REP00248,Z05,2025-10-20T11:48:00Z,neighbours,day(09-17),Report of neighbours noise in Z05 during day(09-17). (Synthetic; no personal data),action_planned
REP00249,Z08,2025-10-07T21:35:00Z,traffic,evening(17-22),Report of traffic noise in Z08 during evening(17-22). (Synthetic; no personal data),under_review
REP00250,Z08,2025-10-26T15:32:00Z,traffic,day(09-17),Report of traffic noise in Z08 during day(09-17). (Synthetic; no personal data),under_review
REP00251,Z10,2025-10-18T11:28:00Z,event,day(09-17),Report of event noise in Z10 during day(09-17). (Synthetic; no personal data),under_review
REP00252,Z12,2025-11-08T04:02:00Z,music,night(00-06),Report of music noise in Z12 during night(00-06). (Synthetic; no personal data),action_planned
REP00253,Z08,2025-11-17T02:25:00Z,construction,night(00-06),Report of construction noise in Z08 during night(00-06). (Synthetic; no personal data),closed
REP00254,Z10,2025-11-27T19:45:00Z,neighbours,evening(17-22),Report of neighbours noise in Z10 during evening(17-22). (Synthetic; no personal data),under_review
REP00255,Z11,2025-10-01T08:17:00Z,traffic,morning(06-09),Report of traffic noise in Z11 during morning(06-09). (Synthetic; no personal data),under_review
REP00256,Z01,2025-11-09T16:21:00Z,neighbours,day(09-17),Report of neighbours noise in Z01 during day(09-17). (Synthetic; no personal data),under_review
REP00257,Z06,2025-11-22T14:51:00Z,music,day(09-17),Report of music noise in Z06 during day(09-17). (Synthetic; no personal data),under_review
REP00258,Z07,2025-10-02T09:15:00Z,machinery,day(09-17),Report of machinery noise in Z07 during day(09-17). (Synthetic; no personal data),under_review
REP00259,Z01,2025-11-19T15:30:00Z,traffic,day(09-17),Report of traffic noise in Z01 during day(09-17). (Synthetic; no personal data),under_review
REP00260,Z12,2025-10-24T19:07:00Z,traffic,evening(17-22),Report of traffic noise in Z12 during evening(17-22). (Synthetic; no personal data),under_review
REP00261,Z09,2025-10-02T16:12:00Z,event,day(09-17),Report of event noise in Z09 during day(09-17). (Synthetic; no personal data),under_review
REP00262,Z06,2025-10-30T05:02:00Z,machinery,night(00-06),Report of machinery noise in Z06 during night(00-06). (Synthetic; no personal data),action_planned
REP00263,Z03,2025-11-04T07:03:00Z,machinery,morning(06-09),Report of machinery noise in Z03 during morning(06-09). (Synthetic; no personal data),action_planned
REP00264,Z04,2025-10-06T03:18:00Z,traffic,night(00-06),Report of traffic noise in Z04 during night(00-06). (Synthetic; no personal data),action_planned
REP00265,Z05,2025-10-27T00:53:00Z,other,night(00-06),Report of other noise in Z05 during night(00-06). (Synthetic; no personal data),under_review
REP00266,Z11,2025-11-30T08:42:00Z,construction,morning(06-09),Report of construction noise in Z11 during morning(06-09). (Synthetic; no personal data),under_review
REP00267,Z11,2025-11-12T11:03:00Z,machinery,day(09-17),Report of machinery noise in Z11 during day(09-17). (Synthetic; no personal data),under_review
REP00268,Z07,2025-11-11T04:01:00Z,neighbours,night(00-06),Report of neighbours noise in Z07 during night(00-06). (Synthetic; no personal data),under_review
REP00269,Z10,2025-10-05T07:37:00Z,music,morning(06-09),Report of music noise in Z10 during morning(06-09). (Synthetic; no personal data),action_planned
REP00270,Z09,2025-10-12T14:16:00Z,machinery,day(09-17),Report of machinery noise in Z09 during day(09-17). (Synthetic; no personal data),action_planned
REP00271,Z11,2025-11-26T18:47:00Z,construction,evening(17-22),Report of construction noise in Z11 during evening(17-22). (Synthetic; no personal data),under_review
REP00272,Z10,2025-11-03T16:51:00Z,traffic,day(09-17),Report of traffic noise in Z10 during day(09-17). (Synthetic; no personal data),under_review
REP00273,Z06,2025-10-25T21:59:00Z,event,evening(17-22),Report of event noise in Z06 during evening(17-22). (Synthetic; no personal data),closed
REP00274,Z02,2025-11-29T22:31:00Z,machinery,late(22-24),Report of machinery noise in Z02 during late(22-24). (Synthetic; no personal data),under_review
REP00275,Z04,2025-10-10T18:19:00Z,other,evening(17-22),Report of other noise in Z04 during evening(17-22). (Synthetic; no personal data),under_review
REP00276,Z12,2025-10-06T04:22:00Z,other,night(00-06),Report of other noise in Z12 during night(00-06). (Synthetic; no personal data),action_planned
REP00277,Z09,2025-11-24T08:51:00Z,machinery,morning(06-09),Report of machinery noise in Z09 during morning(06-09). (Synthetic; no personal data),closed
REP00278,Z08,2025-11-09T03:29:00Z,construction,night(00-06),Report of construction noise in Z08 during night(00-06). (Synthetic; no personal data),action_planned
REP00279,Z11,2025-11-08T07:29:00Z,traffic,morning(06-09),Report of traffic noise in Z11 during morning(06-09). (Synthetic; no personal data),under_review
REP00280,Z12,2025-10-16T18:56:00Z,other,evening(17-22),Report of other noise in Z12 during evening(17-22). (Synthetic; no personal data),closed
REP00281,Z01,2025-10-28T20:59:00Z,neighbours,evening(17-22),Report of neighbours noise in Z01 during evening(17-22). (Synthetic; no personal data),under_review
REP00282,Z02,2025-10-27T20:35:00Z,event,evening(17-22),Report of event noise in Z02 during evening(17-22). (Synthetic; no personal data),action_planned
REP00283,Z03,2025-10-12T02:34:00Z,neighbours,night(00-06),Report of neighbours noise in Z03 during night(00-06). (Synthetic; no personal data),action_planned
REP00284,Z03,2025-10-29T10:02:00Z,event,day(09-17),Report of event noise in Z03 during day(09-17). (Synthetic; no personal data),action_planned
REP00285,Z08,2025-11-22T13:07:00Z,event,day(09-17),Report of event noise in Z08 during day(09-17). (Synthetic; no personal data),action_planned
REP00286,Z07,2025-11-11T05:12:00Z,music,night(00-06),Report of music noise in Z07 during night(00-06). (Synthetic; no personal data),under_review
REP00287,Z04,2025-11-18T04:53:00Z,construction,night(00-06),Report of construction noise in Z04 during night(00-06). (Synthetic; no personal data),under_review
REP00288,Z07,2025-10-18T15:13:00Z,other,day(09-17),Report of other noise in Z07 during day(09-17). (Synthetic; no personal data),closed
REP00289,Z03,2025-11-26T01:20:00Z,machinery,night(00-06),Report of machinery noise in Z03 during night(00-06). (Synthetic; no personal data),action_planned
REP00290,Z06,2025-10-15T09:28:00Z,other,day(09-17),Report of other noise in Z06 during day(09-17). (Synthetic; no personal data),closed
REP00291,Z01,2025-11-26T17:37:00Z,traffic,evening(17-22),Report of traffic noise in Z01 during evening(17-22). (Synthetic; no personal data),under_review
REP00292,Z03,2025-11-08T12:41:00Z,music,day(09-17),Report of music noise in Z03 during day(09-17). (Synthetic; no personal data),under_review
REP00293,Z12,2025-11-24T07:00:00Z,construction,morning(06-09),Report of construction noise in Z12 during morning(06-09). (Synthetic; no personal data),under_review
REP00294,Z09,2025-11-22T08:33:00Z,construction,morning(06-09),Report of construction noise in Z09 during morning(06-09). (Synthetic; no personal data),under_review
REP00295,Z08,2025-11-15T03:53:00Z,traffic,night(00-06),Report of traffic noise in Z08 during night(00-06). (Synthetic; no personal data),under_review
REP00296,Z03,2025-11-10T00:59:00Z,other,night(00-06),Report of other noise in Z03 during night(00-06). (Synthetic; no personal data),closed
REP00297,Z05,2025-10-18T05:43:00Z,other,night(00-06),Report of other noise in Z05 during night(00-06). (Synthetic; no personal data),action_planned
REP00298,Z11,2025-10-02T21:11:00Z,event,evening(17-22),Report of event noise in Z11 during evening(17-22). (Synthetic; no personal data),closed
REP00299,Z05,2025-10-21T03:52:00Z,event,night(00-06),Report of event noise in Z05 during night(00-06). (Synthetic; no personal data),action_planned
REP00300,Z07,2025-10-24T03:30:00Z,construction,night(00-06),Report of construction noise in Z07 during night(00-06). (Synthetic; no personal data),under_review
REP00301,Z10,2025-11-29T15:41:00Z,music,day(09-17),Report of music noise in Z10 during day(09-17). (Synthetic; no personal data),action_planned
REP00302,Z04,2025-10-20T15:21:00Z,other,day(09-17),Report of other noise in Z04 during day(09-17). (Synthetic; no personal data),under_review
REP00303,Z12,2025-11-20T15:44:00Z,music,day(09-17),Report of music noise in Z12 during day(09-17). (Synthetic; no personal data),under_review
REP00304,Z04,2025-11-21T10:26:00Z,machinery,day(09-17),Report of machinery noise in Z04 during day(09-17). (Synthetic; no personal data),under_review
REP00305,Z04,2025-12-02T14:31:00Z,other,day(09-17),Report of other noise in Z04 during day(09-17). (Synthetic; no personal data),closed
REP00306,Z11,2025-10-22T13:03:00Z,neighbours,day(09-17),Report of neighbours noise in Z11 during day(09-17). (Synthetic; no personal data),action_planned
REP00307,Z12,2025-10-20T14:53:00Z,neighbours,day(09-17),Report of neighbours noise in Z12 during day(09-17). (Synthetic; no personal data),action_planned
REP00308,Z10,2025-10-18T09:28:00Z,event,day(09-17),Report of event noise in Z10 during day(09-17). (Synthetic; no personal data),action_planned
REP00309,Z07,2025-10-09T04:25:00Z,construction,night(00-06),Report of construction noise in Z07 during night(00-06). (Synthetic; no personal data),under_review
REP00310,Z06,2025-10-05T08:20:00Z,other,morning(06-09),Report of other noise in Z06 during morning(06-09). (Synthetic; no personal data),under_review
REP00311,Z04,2025-10-06T01:51:00Z,music,night(00-06),Report of music noise in Z04 during night(00-06). (Synthetic; no personal data),under_review
REP00312,Z12,2025-10-15T18:58:00Z,traffic,evening(17-22),Report of traffic noise in Z12 during evening(17-22). (Synthetic; no personal data),action_planned
REP00313,Z10,2025-10-22T01:30:00Z,traffic,night(00-06),Report of traffic noise in Z10 during night(00-06). (Synthetic; no personal data),under_review
REP00314,Z10,2025-10-04T16:16:00Z,traffic,day(09-17),Report of traffic noise in Z10 during day(09-17). (Synthetic; no personal data),action_planned
REP00315,Z03,2025-10-02T15:08:00Z,traffic,day(09-17),Report of traffic noise in Z03 during day(09-17). (Synthetic; no personal data),under_review
REP00316,Z04,2025-11-09T18:45:00Z,traffic,evening(17-22),Report of traffic noise in Z04 during evening(17-22). (Synthetic; no personal data),action_planned
REP00317,Z10,2025-11-13T06:11:00Z,neighbours,morning(06-09),Report of neighbours noise in Z10 during morning(06-09). (Synthetic; no personal data),under_review
REP00318,Z06,2025-10-05T20:01:00Z,other,evening(17-22),Report of other noise in Z06 during evening(17-22). (Synthetic; no personal data),under_review
REP00319,Z09,2025-10-21T00:43:00Z,traffic,night(00-06),Report of traffic noise in Z09 during night(00-06). (Synthetic; no personal data),under_review
REP00320,Z08,2025-10-19T03:45:00Z,machinery,night(00-06),Report of machinery noise in Z08 during night(00-06). (Synthetic; no personal data),action_planned
REP00321,Z11,2025-10-04T01:50:00Z,traffic,night(00-06),Report of traffic noise in Z11 during night(00-06). (Synthetic; no personal data),under_review
REP00322,Z01,2025-10-29T00:29:00Z,event,night(00-06),Report of event noise in Z01 during night(00-06). (Synthetic; no personal data),under_review
REP00323,Z04,2025-10-03T13:08:00Z,event,day(09-17),Report of event noise in Z04 during day(09-17). (Synthetic; no personal data),action_planned
REP00324,Z01,2025-10-03T20:01:00Z,construction,evening(17-22),Report of construction noise in Z01 during evening(17-22). (Synthetic; no personal data),action_planned
REP00325,Z10,2025-11-04T11:04:00Z,construction,day(09-17),Report of construction noise in Z10 during day(09-17). (Synthetic; no personal data),action_planned
REP00326,Z03,2025-11-30T19:27:00Z,traffic,evening(17-22),Report of traffic noise in Z03 during evening(17-22). (Synthetic; no personal data),under_review
REP00327,Z05,2025-11-09T02:32:00Z,event,night(00-06),Report of event noise in Z05 during night(00-06). (Synthetic; no personal data),under_review
REP00328,Z10,2025-11-18T17:12:00Z,construction,evening(17-22),Report of construction noise in Z10 during evening(17-22). (Synthetic; no personal data),action_planned
REP00329,Z09,2025-10-03T21:19:00Z,traffic,evening(17-22),Report of traffic noise in Z09 during evening(17-22). (Synthetic; no personal data),under_review
REP00330,Z07,2025-10-12T09:26:00Z,traffic,day(09-17),Report of traffic noise in Z07 during day(09-17). (Synthetic; no personal data),under_review
REP00331,Z06,2025-10-03T09:02:00Z,machinery,day(09-17),Report of machinery noise in Z06 during day(09-17). (Synthetic; no personal data),action_planned
REP00332,Z09,2025-10-15T18:07:00Z,other,evening(17-22),Report of other noise in Z09 during evening(17-22). (Synthetic; no personal data),under_review
REP00333,Z11,2025-11-14T04:38:00Z,construction,night(00-06),Report of construction noise in Z11 during night(00-06). (Synthetic; no personal data),closed
REP00334,Z07,2025-10-30T21:52:00Z,machinery,evening(17-22),Report of machinery noise in Z07 during evening(17-22). (Synthetic; no personal data),under_review
REP00335,Z01,2025-11-19T19:08:00Z,neighbours,evening(17-22),Report of neighbours noise in Z01 during evening(17-22). (Synthetic; no personal data),under_review
REP00336,Z01,2025-11-06T13:39:00Z,other,day(09-17),Report of other noise in Z01 during day(09-17). (Synthetic; no personal data),under_review
REP00337,Z12,2025-11-01T19:07:00Z,traffic,evening(17-22),Report of traffic noise in Z12 during evening(17-22). (Synthetic; no personal data),action_planned
REP00338,Z12,2025-10-11T18:01:00Z,machinery,evening(17-22),Report of machinery noise in Z12 during evening(17-22). (Synthetic; no personal data),action_planned
REP00339,Z05,2025-10-31T23:29:00Z,traffic,late(22-24),Report of traffic noise in Z05 during late(22-24). (Synthetic; no personal data),action_planned
REP00340,Z04,2025-10-05T05:09:00Z,machinery,night(00-06),Report of machinery noise in Z04 during night(00-06). (Synthetic; no personal data),under_review
REP00341,Z05,2025-11-26T17:03:00Z,machinery,evening(17-22),Report of machinery noise in Z05 during evening(17-22). (Synthetic; no personal data),action_planned
REP00342,Z07,2025-11-02T19:12:00Z,traffic,evening(17-22),Report of traffic noise in Z07 during evening(17-22). (Synthetic; no personal data),action_planned
REP00343,Z01,2025-11-05T09:36:00Z,machinery,day(09-17),Report of machinery noise in Z01 during day(09-17). (Synthetic; no personal data),under_review
REP00344,Z01,2025-10-07T22:47:00Z,music,late(22-24),Report of music noise in Z01 during late(22-24). (Synthetic; no personal data),under_review
REP00345,Z08,2025-11-18T21:01:00Z,other,evening(17-22),Report of other noise in Z08 during evening(17-22). (Synthetic; no personal data),closed
REP00346,Z11,2025-11-24T16:28:00Z,music,day(09-17),Report of music noise in Z11 during day(09-17). (Synthetic; no personal data),action_planned
REP00347,Z08,2025-10-10T01:26:00Z,machinery,night(00-06),Report of machinery noise in Z08 during night(00-06). (Synthetic; no personal data),under_review
REP00348,Z11,2025-11-25T01:55:00Z,other,night(00-06),Report of other noise in Z11 during night(00-06). (Synthetic; no personal data),under_review
REP00349,Z06,2025-10-02T03:25:00Z,music,night(00-06),Report of music noise in Z06 during night(00-06). (Synthetic; no personal data),action_planned
REP00350,Z06,2025-11-05T14:40:00Z,other,day(09-17),Report of other noise in Z06 during day(09-17). (Synthetic; no personal data),action_planned
REP00351,Z02,2025-11-07T19:06:00Z,traffic,evening(17-22),Report of traffic noise in Z02 during evening(17-22). (Synthetic; no personal data),under_review
REP00352,Z09,2025-11-14T07:47:00Z,construction,morning(06-09),Report of construction noise in Z09 during morning(06-09). (Synthetic; no personal data),under_review
REP00353,Z07,2025-11-26T20:04:00Z,music,evening(17-22),Report of music noise in Z07 during evening(17-22). (Synthetic; no personal data),under_review
REP00354,Z04,2025-11-05T14:13:00Z,traffic,day(09-17),Report of traffic noise in Z04 during day(09-17). (Synthetic; no personal data),closed
REP00355,Z08,2025-11-04T17:59:00Z,traffic,evening(17-22),Report of traffic noise in Z08 during evening(17-22). (Synthetic; no personal data),closed
REP00356,Z01,2025-11-30T21:38:00Z,traffic,evening(17-22),Report of traffic noise in Z01 during evening(17-22). (Synthetic; no personal data),under_review
REP00357,Z07,2025-11-07T07:27:00Z,machinery,morning(06-09),Report of machinery noise in Z07 during morning(06-09). (Synthetic; no personal data),under_review
REP00358,Z12,2025-10-10T02:43:00Z,machinery,night(00-06),Report of machinery noise in Z12 during night(00-06). (Synthetic; no personal data),action_planned
REP00359,Z07,2025-11-13T17:15:00Z,construction,evening(17-22),Report of construction noise in Z07 during evening(17-22). (Synthetic; no personal data),closed
REP00360,Z01,2025-11-26T09:19:00Z,other,day(09-17),Report of other noise in Z01 during day(09-17). (Synthetic; no personal data),under_review
REP00361,Z03,2025-11-26T07:44:00Z,event,morning(06-09),Report of event noise in Z03 during morning(06-09). (Synthetic; no personal data),under_review
REP00362,Z03,2025-10-12T23:25:00Z,traffic,late(22-24),Report of traffic noise in Z03 during late(22-24). (Synthetic; no personal data),action_planned
REP00363,Z08,2025-10-11T00:52:00Z,traffic,night(00-06),Report of traffic noise in Z08 during night(00-06). (Synthetic; no personal data),under_review
REP00364,Z06,2025-10-08T06:44:00Z,neighbours,morning(06-09),Report of neighbours noise in Z06 during morning(06-09). (Synthetic; no personal data),action_planned
REP00365,Z07,2025-11-02T12:55:00Z,traffic,day(09-17),Report of traffic noise in Z07 during day(09-17). (Synthetic; no personal data),under_review
REP00366,Z09,2025-11-07T00:55:00Z,event,night(00-06),Report of event noise in Z09 during night(00-06). (Synthetic; no personal data),closed
REP00367,Z05,2025-10-18T13:26:00Z,neighbours,day(09-17),Report of neighbours noise in Z05 during day(09-17). (Synthetic; no personal data),under_review
REP00368,Z02,2025-10-06T06:50:00Z,event,morning(06-09),Report of event noise in Z02 during morning(06-09). (Synthetic; no personal data),closed
REP00369,Z03,2025-11-12T06:25:00Z,machinery,morning(06-09),Report of machinery noise in Z03 during morning(06-09). (Synthetic; no personal data),action_planned
REP00370,Z05,2025-11-02T17:40:00Z,music,evening(17-22),Report of music noise in Z05 during evening(17-22). (Synthetic; no personal data),action_planned
REP00371,Z08,2025-11-11T10:28:00Z,traffic,day(09-17),Report of traffic noise in Z08 during day(09-17). (Synthetic; no personal data),under_review
REP00372,Z05,2025-10-11T18:42:00Z,machinery,evening(17-22),Report of machinery noise in Z05 during evening(17-22). (Synthetic; no personal data),closed
REP00373,Z09,2025-10-10T11:56:00Z,construction,day(09-17),Report of construction noise in Z09 during day(09-17). (Synthetic; no personal data),action_planned
REP00374,Z12,2025-11-12T09:35:00Z,neighbours,day(09-17),Report of neighbours noise in Z12 during day(09-17). (Synthetic; no personal data),closed
REP00375,Z07,2025-11-09T12:11:00Z,traffic,day(09-17),Report of traffic noise in Z07 during day(09-17). (Synthetic; no personal data),under_review
REP00376,Z08,2025-10-15T07:24:00Z,event,morning(06-09),Report of event noise in Z08 during morning(06-09). (Synthetic; no personal data),action_planned
REP00377,Z02,2025-11-28T23:31:00Z,other,late(22-24),Report of other noise in Z02 during late(22-24). (Synthetic; no personal data),action_planned
REP00378,Z08,2025-11-30T08:34:00Z,machinery,morning(06-09),Report of machinery noise in Z08 during morning(06-09). (Synthetic; no personal data),under_review
REP00379,Z11,2025-11-30T13:54:00Z,traffic,day(09-17),Report of traffic noise in Z11 during day(09-17). (Synthetic; no personal data),action_planned
REP00380,Z06,2025-10-03T15:49:00Z,traffic,day(09-17),Report of traffic noise in Z06 during day(09-17). (Synthetic; no personal data),action_planned
REP00381,Z05,2025-11-03T15:59:00Z,traffic,day(09-17),Report of traffic noise in Z05 during day(09-17). (Synthetic; no personal data),action_planned
REP00382,Z02,2025-11-12T18:01:00Z,event,evening(17-22),Report of event noise in Z02 during evening(17-22). (Synthetic; no personal data),action_planned
REP00383,Z10,2025-11-18T19:52:00Z,construction,evening(17-22),Report of construction noise in Z10 during evening(17-22). (Synthetic; no personal data),under_review
REP00384,Z02,2025-10-08T15:04:00Z,event,day(09-17),Report of event noise in Z02 during day(09-17). (Synthetic; no personal data),under_review
REP00385,Z01,2025-11-29T22:14:00Z,neighbours,late(22-24),Report of neighbours noise in Z01 during late(22-24). (Synthetic; no personal data),under_review
REP00386,Z03,2025-10-11T19:30:00Z,machinery,evening(17-22),Report of machinery noise in Z03 during evening(17-22). (Synthetic; no personal data),under_review
REP00387,Z06,2025-11-03T05:29:00Z,traffic,night(00-06),Report of traffic noise in Z06 during night(00-06). (Synthetic; no personal data),under_review
REP00388,Z02,2025-10-29T10:07:00Z,machinery,day(09-17),Report of machinery noise in Z02 during day(09-17). (Synthetic; no personal data),under_review
REP00389,Z12,2025-10-22T03:07:00Z,construction,night(00-06),Report of construction noise in Z12 during night(00-06). (Synthetic; no personal data),under_review
REP00390,Z03,2025-10-02T10:56:00Z,other,day(09-17),Report of other noise in Z03 during day(09-17). (Synthetic; no personal data),under_review
REP00391,Z04,2025-11-22T03:50:00Z,traffic,night(00-06),Report of traffic noise in Z04 during night(00-06). (Synthetic; no personal data),under_review
REP00392,Z02,2025-11-16T14:27:00Z,event,day(09-17),Report of event noise in Z02 during day(09-17). (Synthetic; no personal data),closed
REP00393,Z07,2025-11-25T00:58:00Z,other,night(00-06),Report of other noise in Z07 during night(00-06). (Synthetic; no personal data),under_review
REP00394,Z07,2025-10-08T05:47:00Z,construction,night(00-06),Report of construction noise in Z07 during night(00-06). (Synthetic; no personal data),action_planned
REP00395,Z01,2025-10-06T02:26:00Z,machinery,night(00-06),Report of machinery noise in Z01 during night(00-06). (Synthetic; no personal data),under_review
REP00396,Z07,2025-11-19T02:39:00Z,event,night(00-06),Report of event noise in Z07 during night(00-06). (Synthetic; no personal data),action_planned
REP00397,Z01,2025-11-18T02:55:00Z,music,night(00-06),Report of music noise in Z01 during night(00-06). (Synthetic; no personal data),under_review
REP00398,Z06,2025-10-04T05:13:00Z,traffic,night(00-06),Report of traffic noise in Z06 during night(00-06). (Synthetic; no personal data),action_planned
REP00399,Z06,2025-11-19T05:43:00Z,event,night(00-06),Report of event noise in Z06 during night(00-06). (Synthetic; no personal data),under_review
REP00400,Z05,2025-11-13T23:34:00Z,construction,late(22-24),Report of construction noise in Z05 during late(22-24). (Synthetic; no personal data),closed
REP00401,Z09,2025-11-21T03:22:00Z,neighbours,night(00-06),Report of neighbours noise in Z09 during night(00-06). (Synthetic; no personal data),under_review
REP00402,Z01,2025-11-25T09:04:00Z,music,day(09-17),Report of music noise in Z01 during day(09-17). (Synthetic; no personal data),under_review
REP00403,Z09,2025-10-20T04:34:00Z,event,night(00-06),Report of event noise in Z09 during night(00-06). (Synthetic; no personal data),action_planned
REP00404,Z03,2025-10-11T03:56:00Z,traffic,night(00-06),Report of traffic noise in Z03 during night(00-06). (Synthetic; no personal data),under_review
REP00405,Z12,2025-10-17T13:57:00Z,other,day(09-17),Report of other noise in Z12 during day(09-17). (Synthetic; no personal data),closed
REP00406,Z09,2025-10-13T00:26:00Z,traffic,night(00-06),Report of traffic noise in Z09 during night(00-06). (Synthetic; no personal data),under_review
REP00407,Z02,2025-10-23T03:00:00Z,neighbours,night(00-06),Report of neighbours noise in Z02 during night(00-06). (Synthetic; no personal data),action_planned
REP00408,Z04,2025-11-24T11:42:00Z,event,day(09-17),Report of event noise in Z04 during day(09-17). (Synthetic; no personal data),action_planned
REP00409,Z12,2025-10-05T16:54:00Z,neighbours,day(09-17),Report of neighbours noise in Z12 during day(09-17). (Synthetic; no personal data),action_planned
REP00410,Z04,2025-10-16T16:11:00Z,music,day(09-17),Report of music noise in Z04 during day(09-17). (Synthetic; no personal data),closed
REP00411,Z02,2025-11-18T00:55:00Z,traffic,night(00-06),Report of traffic noise in Z02 during night(00-06). (Synthetic; no personal data),under_review
REP00412,Z07,2025-10-01T00:04:00Z,traffic,night(00-06),Report of traffic noise in Z07 during night(00-06). (Synthetic; no personal data),under_review
REP00413,Z07,2025-10-07T01:29:00Z,traffic,night(00-06),Report of traffic noise in Z07 during night(00-06). (Synthetic; no personal data),under_review
REP00414,Z07,2025-11-24T16:43:00Z,traffic,day(09-17),Report of traffic noise in Z07 during day(09-17). (Synthetic; no personal data),under_review
REP00415,Z06,2025-11-12T09:59:00Z,traffic,day(09-17),Report of traffic noise in Z06 during day(09-17). (Synthetic; no personal data),under_review
REP00416,Z11,2025-11-16T15:46:00Z,construction,day(09-17),Report of construction noise in Z11 during day(09-17). (Synthetic; no personal data),under_review
REP00417,Z06,2025-10-26T02:28:00Z,machinery,night(00-06),Report of machinery noise in Z06 during night(00-06). (Synthetic; no personal data),under_review
REP00418,Z12,2025-10-04T10:58:00Z,event,day(09-17),Report of event noise in Z12 during day(09-17). (Synthetic; no personal data),action_planned
REP00419,Z08,2025-10-26T20:56:00Z,construction,evening(17-22),Report of construction noise in Z08 during evening(17-22). (Synthetic; no personal data),under_review
REP00420,Z04,2025-10-24T06:34:00Z,neighbours,morning(06-09),Report of neighbours noise in Z04 during morning(06-09). (Synthetic; no personal data),under_review
REP00421,Z11,2025-10-07T17:16:00Z,construction,evening(17-22),Report of construction noise in Z11 during evening(17-22). (Synthetic; no personal data),under_review
REP00422,Z01,2025-10-11T22:17:00Z,traffic,late(22-24),Report of traffic noise in Z01 during late(22-24). (Synthetic; no personal data),closed
REP00423,Z04,2025-11-15T04:06:00Z,traffic,night(00-06),Report of traffic noise in Z04 during night(00-06). (Synthetic; no personal data),under_review
REP00424,Z09,2025-11-20T04:13:00Z,machinery,night(00-06),Report of machinery noise in Z09 during night(00-06). (Synthetic; no personal data),under_review
REP00425,Z12,2025-10-02T20:16:00Z,event,evening(17-22),Report of event noise in Z12 during evening(17-22). (Synthetic; no personal data),action_planned
REP00426,Z10,2025-11-09T03:33:00Z,machinery,night(00-06),Report of machinery noise in Z10 during night(00-06). (Synthetic; no personal data),action_planned
REP00427,Z10,2025-11-21T13:24:00Z,construction,day(09-17),Report of construction noise in Z10 during day(09-17). (Synthetic; no personal data),action_planned
REP00428,Z07,2025-10-28T03:16:00Z,construction,night(00-06),Report of construction noise in Z07 during night(00-06). (Synthetic; no personal data),action_planned
REP00429,Z08,2025-10-25T00:58:00Z,traffic,night(00-06),Report of traffic noise in Z08 during night(00-06). (Synthetic; no personal data),under_review
REP00430,Z12,2025-10-12T19:10:00Z,music,evening(17-22),Report of music noise in Z12 during evening(17-22). (Synthetic; no personal data),action_planned
REP00431,Z08,2025-10-01T09:19:00Z,music,day(09-17),Report of music noise in Z08 during day(09-17). (Synthetic; no personal data),action_planned
REP00432,Z06,2025-10-29T09:25:00Z,traffic,day(09-17),Report of traffic noise in Z06 during day(09-17). (Synthetic; no personal data),under_review
REP00433,Z08,2025-11-18T22:42:00Z,event,late(22-24),Report of event noise in Z08 during late(22-24). (Synthetic; no personal data),under_review
REP00434,Z12,2025-10-22T08:40:00Z,machinery,morning(06-09),Report of machinery noise in Z12 during morning(06-09). (Synthetic; no personal data),under_review
REP00435,Z11,2025-10-17T18:40:00Z,music,evening(17-22),Report of music noise in Z11 during evening(17-22). (Synthetic; no personal data),under_review
REP00436,Z03,2025-12-01T13:17:00Z,music,day(09-17),Report of music noise in Z03 during day(09-17). (Synthetic; no personal data),under_review
REP00437,Z07,2025-11-16T03:39:00Z,traffic,night(00-06),Report of traffic noise in Z07 during night(00-06). (Synthetic; no personal data),action_planned
REP00438,Z02,2025-11-18T19:06:00Z,neighbours,evening(17-22),Report of neighbours noise in Z02 during evening(17-22). (Synthetic; no personal data),action_planned
REP00439,Z02,2025-11-15T08:55:00Z,machinery,morning(06-09),Report of machinery noise in Z02 during morning(06-09). (Synthetic; no personal data),closed
REP00440,Z01,2025-11-20T17:09:00Z,music,evening(17-22),Report of music noise in Z01 during evening(17-22). (Synthetic; no personal data),closed
REP00441,Z03,2025-10-11T18:57:00Z,machinery,evening(17-22),Report of machinery noise in Z03 during evening(17-22). (Synthetic; no personal data),under_review
REP00442,Z09,2025-10-28T02:56:00Z,traffic,night(00-06),Report of traffic noise in Z09 during night(00-06). (Synthetic; no personal data),under_review
REP00443,Z09,2025-11-04T18:48:00Z,event,evening(17-22),Report of event noise in Z09 during evening(17-22). (Synthetic; no personal data),under_review
REP00444,Z09,2025-10-26T22:37:00Z,construction,late(22-24),Report of construction noise in Z09 during late(22-24). (Synthetic; no personal data),action_planned
REP00445,Z05,2025-11-18T04:39:00Z,music,night(00-06),Report of music noise in Z05 during night(00-06). (Synthetic; no personal data),under_review
REP00446,Z11,2025-10-29T05:50:00Z,traffic,night(00-06),Report of traffic noise in Z11 during night(00-06). (Synthetic; no personal data),closed
REP00447,Z11,2025-10-05T04:30:00Z,traffic,night(00-06),Report of traffic noise in Z11 during night(00-06). (Synthetic; no personal data),action_planned
REP00448,Z04,2025-11-28T08:18:00Z,traffic,morning(06-09),Report of traffic noise in Z04 during morning(06-09). (Synthetic; no personal data),under_review
REP00449,Z09,2025-11-17T23:30:00Z,machinery,late(22-24),Report of machinery noise in Z09 during late(22-24). (Synthetic; no personal data),closed
REP00450,Z09,2025-11-12T11:10:00Z,event,day(09-17),Report of event noise in Z09 during day(09-17). (Synthetic; no personal data),under_review
REP00451,Z04,2025-10-27T07:56:00Z,event,morning(06-09),Report of event noise in Z04 during morning(06-09). (Synthetic; no personal data),action_planned
REP00452,Z11,2025-11-27T20:57:00Z,other,evening(17-22),Report of other noise in Z11 during evening(17-22). (Synthetic; no personal data),under_review
REP00453,Z01,2025-11-18T12:12:00Z,construction,day(09-17),Report of construction noise in Z01 during day(09-17). (Synthetic; no personal data),action_planned
REP00454,Z10,2025-11-20T10:44:00Z,traffic,day(09-17),Report of traffic noise in Z10 during day(09-17). (Synthetic; no personal data),closed
REP00455,Z01,2025-11-27T08:34:00Z,traffic,morning(06-09),Report of traffic noise in Z01 during morning(06-09). (Synthetic; no personal data),under_review
REP00456,Z11,2025-10-27T09:09:00Z,other,day(09-17),Report of other noise in Z11 during day(09-17). (Synthetic; no personal data),under_review
REP00457,Z08,2025-11-10T18:12:00Z,traffic,evening(17-22),Report of traffic noise in Z08 during evening(17-22). (Synthetic; no personal data),action_planned
REP00458,Z10,2025-10-13T15:24:00Z,music,day(09-17),Report of music noise in Z10 during day(09-17). (Synthetic; no personal data),closed
REP00459,Z07,2025-10-21T22:40:00Z,machinery,late(22-24),Report of machinery noise in Z07 during late(22-24). (Synthetic; no personal data),closed
REP00460,Z04,2025-10-12T18:28:00Z,traffic,evening(17-22),Report of traffic noise in Z04 during evening(17-22). (Synthetic; no personal data),under_review
REP00461,Z08,2025-11-27T11:59:00Z,neighbours,day(09-17),Report of neighbours noise in Z08 during day(09-17). (Synthetic; no personal data),under_review
REP00462,Z05,2025-12-01T02:42:00Z,event,night(00-06),Report of event noise in Z05 during night(00-06). (Synthetic; no personal data),under_review
REP00463,Z03,2025-11-28T13:58:00Z,traffic,day(09-17),Report of traffic noise in Z03 during day(09-17). (Synthetic; no personal data),under_review
REP00464,Z09,2025-10-19T12:40:00Z,music,day(09-17),Report of music noise in Z09 during day(09-17). (Synthetic; no personal data),under_review
REP00465,Z11,2025-11-22T05:47:00Z,event,night(00-06),Report of event noise in Z11 during night(00-06). (Synthetic; no personal data),action_planned
REP00466,Z07,2025-11-21T00:50:00Z,neighbours,night(00-06),Report of neighbours noise in Z07 during night(00-06). (Synthetic; no personal data),action_planned
REP00467,Z07,2025-10-08T09:16:00Z,neighbours,day(09-17),Report of neighbours noise in Z07 during day(09-17). (Synthetic; no personal data),under_review
REP00468,Z04,2025-10-17T00:32:00Z,music,night(00-06),Report of music noise in Z04 during night(00-06). (Synthetic; no personal data),action_planned
REP00469,Z09,2025-11-26T11:42:00Z,event,day(09-17),Report of event noise in Z09 during day(09-17). (Synthetic; no personal data),action_planned
REP00470,Z09,2025-11-17T18:42:00Z,event,evening(17-22),Report of event noise in Z09 during evening(17-22). (Synthetic; no personal data),action_planned
REP00471,Z11,2025-10-23T03:34:00Z,construction,night(00-06),Report of construction noise in Z11 during night(00-06). (Synthetic; no personal data),closed
REP00472,Z11,2025-11-01T17:29:00Z,event,evening(17-22),Report of event noise in Z11 during evening(17-22). (Synthetic; no personal data),closed
REP00473,Z10,2025-10-11T22:28:00Z,machinery,late(22-24),Report of machinery noise in Z10 during late(22-24). (Synthetic; no personal data),closed
REP00474,Z08,2025-10-02T14:00:00Z,event,day(09-17),Report of event noise in Z08 during day(09-17). (Synthetic; no personal data),under_review
REP00475,Z03,2025-10-01T19:12:00Z,machinery,evening(17-22),Report of machinery noise in Z03 during evening(17-22). (Synthetic; no personal data),closed
REP00476,Z01,2025-10-18T03:41:00Z,traffic,night(00-06),Report of traffic noise in Z01 during night(00-06). (Synthetic; no personal data),closed
REP00477,Z11,2025-11-20T06:48:00Z,music,morning(06-09),Report of music noise in Z11 during morning(06-09). (Synthetic; no personal data),closed
REP00478,Z06,2025-11-07T18:29:00Z,event,evening(17-22),Report of event noise in Z06 during evening(17-22). (Synthetic; no personal data),under_review
REP00479,Z07,2025-11-23T23:44:00Z,traffic,late(22-24),Report of traffic noise in Z07 during late(22-24). (Synthetic; no personal data),under_review
REP00480,Z05,2025-10-10T07:10:00Z,traffic,morning(06-09),Report of traffic noise in Z05 during morning(06-09). (Synthetic; no personal data),under_review
REP00481,Z04,2025-10-09T18:28:00Z,machinery,evening(17-22),Report of machinery noise in Z04 during evening(17-22). (Synthetic; no personal data),under_review
REP00482,Z07,2025-10-10T21:18:00Z,other,evening(17-22),Report of other noise in Z07 during evening(17-22). (Synthetic; no personal data),under_review
REP00483,Z10,2025-10-06T03:26:00Z,traffic,night(00-06),Report of traffic noise in Z10 during night(00-06). (Synthetic; no personal data),action_planned
REP00484,Z06,2025-11-09T00:11:00Z,construction,night(00-06),Report of construction noise in Z06 during night(00-06). (Synthetic; no personal data),action_planned
REP00485,Z02,2025-10-18T11:14:00Z,traffic,day(09-17),Report of traffic noise in Z02 during day(09-17). (Synthetic; no personal data),action_planned
REP00486,Z03,2025-10-25T03:10:00Z,traffic,night(00-06),Report of traffic noise in Z03 during night(00-06). (Synthetic; no personal data),action_planned
REP00487,Z02,2025-11-22T03:22:00Z,other,night(00-06),Report of other noise in Z02 during night(00-06). (Synthetic; no personal data),under_review
REP00488,Z06,2025-11-08T04:47:00Z,machinery,night(00-06),Report of machinery noise in Z06 during night(00-06). (Synthetic; no personal data),under_review
REP00489,Z07,2025-11-06T07:37:00Z,traffic,morning(06-09),Report of traffic noise in Z07 during morning(06-09). (Synthetic; no personal data),under_review
REP00490,Z08,2025-10-22T04:20:00Z,machinery,night(00-06),Report of machinery noise in Z08 during night(00-06). (Synthetic; no personal data),under_review
REP00491,Z07,2025-10-26T15:51:00Z,traffic,day(09-17),Report of traffic noise in Z07 during day(09-17). (Synthetic; no personal data),under_review
REP00492,Z05,2025-11-15T18:25:00Z,event,evening(17-22),Report of event noise in Z05 during evening(17-22). (Synthetic; no personal data),action_planned
REP00493,Z09,2025-10-14T22:11:00Z,neighbours,late(22-24),Report of neighbours noise in Z09 during late(22-24). (Synthetic; no personal data),action_planned
REP00494,Z05,2025-11-06T20:06:00Z,traffic,evening(17-22),Report of traffic noise in Z05 during evening(17-22). (Synthetic; no personal data),action_planned
REP00495,Z03,2025-10-04T15:50:00Z,traffic,day(09-17),Report of traffic noise in Z03 during day(09-17). (Synthetic; no personal data),under_review
REP00496,Z10,2025-11-06T01:14:00Z,neighbours,night(00-06),Report of neighbours noise in Z10 during night(00-06). (Synthetic; no personal data),under_review
REP00497,Z01,2025-11-07T11:36:00Z,machinery,day(09-17),Report of machinery noise in Z01 during day(09-17). (Synthetic; no personal data),closed
REP00498,Z10,2025-11-15T18:44:00Z,other,evening(17-22),Report of other noise in Z10 during evening(17-22). (Synthetic; no personal data),closed
REP00499,Z07,2025-11-04T03:15:00Z,traffic,night(00-06),Report of traffic noise in Z07 during night(00-06). (Synthetic; no personal data),action_planned
REP00500,Z01,2025-11-30T14:53:00Z,traffic,day(09-17),Report of traffic noise in Z01 during day(09-17). (Synthetic; no personal data),action_planned
REP00501,Z03,2025-11-16T12:13:00Z,music,day(09-17),Report of music noise in Z03 during day(09-17). (Synthetic; no personal data),under_review
REP00502,Z02,2025-11-18T00:59:00Z,machinery,night(00-06),Report of machinery noise in Z02 during night(00-06). (Synthetic; no personal data),closed
REP00503,Z09,2025-11-11T04:06:00Z,machinery,night(00-06),Report of machinery noise in Z09 during night(00-06). (Synthetic; no personal data),action_planned
REP00504,Z06,2025-10-20T09:46:00Z,construction,day(09-17),Report of construction noise in Z06 during day(09-17). (Synthetic; no personal data),under_review
REP00505,Z08,2025-10-16T07:19:00Z,traffic,morning(06-09),Report of traffic noise in Z08 during morning(06-09). (Synthetic; no personal data),under_review
REP00506,Z06,2025-11-17T11:09:00Z,machinery,day(09-17),Report of machinery noise in Z06 during day(09-17). (Synthetic; no personal data),action_planned
REP00507,Z07,2025-10-03T21:15:00Z,traffic,evening(17-22),Report of traffic noise in Z07 during evening(17-22). (Synthetic; no personal data),under_review
REP00508,Z03,2025-11-10T14:59:00Z,other,day(09-17),Report of other noise in Z03 during day(09-17). (Synthetic; no personal data),action_planned
REP00509,Z10,2025-11-01T23:52:00Z,music,late(22-24),Report of music noise in Z10 during late(22-24). (Synthetic; no personal data),action_planned
REP00510,Z04,2025-11-21T10:09:00Z,event,day(09-17),Report of event noise in Z04 during day(09-17). (Synthetic; no personal data),action_planned
REP00511,Z10,2025-11-21T09:24:00Z,traffic,day(09-17),Report of traffic noise in Z10 during day(09-17). (Synthetic; no personal data),under_review
REP00512,Z12,2025-10-20T11:14:00Z,traffic,day(09-17),Report of traffic noise in Z12 during day(09-17). (Synthetic; no personal data),under_review
REP00513,Z02,2025-11-25T22:10:00Z,other,late(22-24),Report of other noise in Z02 during late(22-24). (Synthetic; no personal data),action_planned
REP00514,Z07,2025-10-19T02:35:00Z,music,night(00-06),Report of music noise in Z07 during night(00-06). (Synthetic; no personal data),closed
REP00515,Z07,2025-10-22T15:08:00Z,construction,day(09-17),Report of construction noise in Z07 during day(09-17). (Synthetic; no personal data),action_planned
REP00516,Z09,2025-10-05T23:24:00Z,event,late(22-24),Report of event noise in Z09 during late(22-24). (Synthetic; no personal data),under_review
REP00517,Z04,2025-10-03T01:02:00Z,traffic,night(00-06),Report of traffic noise in Z04 during night(00-06). (Synthetic; no personal data),action_planned
REP00518,Z03,2025-11-22T05:27:00Z,neighbours,night(00-06),Report of neighbours noise in Z03 during night(00-06). (Synthetic; no personal data),closed
REP00519,Z01,2025-11-26T22:14:00Z,traffic,late(22-24),Report of traffic noise in Z01 during late(22-24). (Synthetic; no personal data),under_review
REP00520,Z03,2025-10-10T03:14:00Z,event,night(00-06),Report of event noise in Z03 during night(00-06). (Synthetic; no personal data),under_review
REP00521,Z06,2025-10-09T14:16:00Z,machinery,day(09-17),Report of machinery noise in Z06 during day(09-17). (Synthetic; no personal data),action_planned
REP00522,Z02,2025-11-05T16:21:00Z,construction,day(09-17),Report of construction noise in Z02 during day(09-17). (Synthetic; no personal data),closed
REP00523,Z08,2025-11-02T00:17:00Z,event,night(00-06),Report of event noise in Z08 during night(00-06). (Synthetic; no personal data),action_planned
REP00524,Z12,2025-10-14T22:17:00Z,construction,late(22-24),Report of construction noise in Z12 during late(22-24). (Synthetic; no personal data),action_planned
REP00525,Z04,2025-11-26T15:41:00Z,neighbours,day(09-17),Report of neighbours noise in Z04 during day(09-17). (Synthetic; no personal data),action_planned
REP00526,Z04,2025-11-08T23:14:00Z,music,late(22-24),Report of music noise in Z04 during late(22-24). (Synthetic; no personal data),action_planned
REP00527,Z10,2025-11-22T10:52:00Z,traffic,day(09-17),Report of traffic noise in Z10 during day(09-17). (Synthetic; no personal data),under_review
REP00528,Z11,2025-10-18T09:47:00Z,event,day(09-17),Report of event noise in Z11 during day(09-17). (Synthetic; no personal data),action_planned
REP00529,Z06,2025-10-26T05:06:00Z,other,night(00-06),Report of other noise in Z06 during night(00-06). (Synthetic; no personal data),under_review
REP00530,Z06,2025-10-01T09:36:00Z,traffic,day(09-17),Report of traffic noise in Z06 during day(09-17). (Synthetic; no personal data),closed
REP00531,Z12,2025-10-25T10:05:00Z,traffic,day(09-17),Report of traffic noise in Z12 during day(09-17). (Synthetic; no personal data),action_planned
REP00532,Z01,2025-10-05T23:47:00Z,construction,late(22-24),Report of construction noise in Z01 during late(22-24). (Synthetic; no personal data),action_planned
REP00533,Z12,2025-11-15T18:57:00Z,construction,evening(17-22),Report of construction noise in Z12 during evening(17-22). (Synthetic; no personal data),closed
REP00534,Z01,2025-10-21T17:13:00Z,machinery,evening(17-22),Report of machinery noise in Z01 during evening(17-22). (Synthetic; no personal data),under_review
REP00535,Z11,2025-10-11T11:14:00Z,other,day(09-17),Report of other noise in Z11 during day(09-17). (Synthetic; no personal data),under_review
REP00536,Z07,2025-10-17T20:09:00Z,event,evening(17-22),Report of event noise in Z07 during evening(17-22). (Synthetic; no personal data),action_planned
REP00537,Z04,2025-10-05T05:56:00Z,traffic,night(00-06),Report of traffic noise in Z04 during night(00-06). (Synthetic; no personal data),under_review
REP00538,Z04,2025-10-24T15:35:00Z,music,day(09-17),Report of music noise in Z04 during day(09-17). (Synthetic; no personal data),action_planned
REP00539,Z06,2025-10-17T11:22:00Z,music,day(09-17),Report of music noise in Z06 during day(09-17). (Synthetic; no personal data),under_review
REP00540,Z08,2025-11-06T10:37:00Z,neighbours,day(09-17),Report of neighbours noise in Z08 during day(09-17). (Synthetic; no personal data),under_review
REP00541,Z07,2025-10-02T22:18:00Z,neighbours,late(22-24),Report of neighbours noise in Z07 during late(22-24). (Synthetic; no personal data),under_review
REP00542,Z10,2025-10-30T20:09:00Z,event,evening(17-22),Report of event noise in Z10 during evening(17-22). (Synthetic; no personal data),closed
REP00543,Z08,2025-10-11T08:42:00Z,traffic,morning(06-09),Report of traffic noise in Z08 during morning(06-09). (Synthetic; no personal data),action_planned
REP00544,Z05,2025-10-04T03:48:00Z,neighbours,night(00-06),Report of neighbours noise in Z05 during night(00-06). (Synthetic; no personal data),under_review
REP00545,Z12,2025-11-13T03:43:00Z,machinery,night(00-06),Report of machinery noise in Z12 during night(00-06). (Synthetic; no personal data),under_review
REP00546,Z10,2025-11-19T09:00:00Z,neighbours,day(09-17),Report of neighbours noise in Z10 during day(09-17). (Synthetic; no personal data),under_review
REP00547,Z09,2025-11-24T19:20:00Z,machinery,evening(17-22),Report of machinery noise in Z09 during evening(17-22). (Synthetic; no personal data),under_review
REP00548,Z01,2025-10-14T18:21:00Z,neighbours,evening(17-22),Report of neighbours noise in Z01 during evening(17-22). (Synthetic; no personal data),action_planned
REP00549,Z10,2025-10-16T07:59:00Z,music,morning(06-09),Report of music noise in Z10 during morning(06-09). (Synthetic; no personal data),action_planned
REP00550,Z06,2025-10-04T22:21:00Z,music,late(22-24),Report of music noise in Z06 during late(22-24). (Synthetic; no personal data),under_review
REP00551,Z09,2025-11-08T02:35:00Z,construction,night(00-06),Report of construction noise in Z09 during night(00-06). (Synthetic; no personal data),action_planned
REP00552,Z06,2025-10-28T01:52:00Z,event,night(00-06),Report of event noise in Z06 during night(00-06). (Synthetic; no personal data),under_review
REP00553,Z03,2025-11-22T10:26:00Z,traffic,day(09-17),Report of traffic noise in Z03 during day(09-17). (Synthetic; no personal data),under_review
REP00554,Z09,2025-10-14T06:31:00Z,traffic,morning(06-09),Report of traffic noise in Z09 during morning(06-09). (Synthetic; no personal data),under_review
REP00555,Z04,2025-11-04T19:39:00Z,construction,evening(17-22),Report of construction noise in Z04 during evening(17-22). (Synthetic; no personal data),action_planned
REP00556,Z02,2025-11-09T21:50:00Z,construction,evening(17-22),Report of construction noise in Z02 during evening(17-22). (Synthetic; no personal data),closed
REP00557,Z05,2025-11-29T08:15:00Z,traffic,morning(06-09),Report of traffic noise in Z05 during morning(06-09). (Synthetic; no personal data),under_review
REP00558,Z10,2025-10-04T21:31:00Z,event,evening(17-22),Report of event noise in Z10 during evening(17-22). (Synthetic; no personal data),closed
REP00559,Z07,2025-11-19T12:22:00Z,construction,day(09-17),Report of construction noise in Z07 during day(09-17). (Synthetic; no personal data),under_review
REP00560,Z07,2025-11-28T04:54:00Z,machinery,night(00-06),Report of machinery noise in Z07 during night(00-06). (Synthetic; no personal data),under_review
REP00561,Z09,2025-10-20T22:07:00Z,neighbours,late(22-24),Report of neighbours noise in Z09 during late(22-24). (Synthetic; no personal data),action_planned
REP00562,Z09,2025-12-02T23:07:00Z,event,late(22-24),Report of event noise in Z09 during late(22-24). (Synthetic; no personal data),action_planned
REP00563,Z12,2025-10-16T02:07:00Z,traffic,night(00-06),Report of traffic noise in Z12 during night(00-06). (Synthetic; no personal data),under_review
REP00564,Z09,2025-11-18T21:24:00Z,neighbours,evening(17-22),Report of neighbours noise in Z09 during evening(17-22). (Synthetic; no personal data),under_review
REP00565,Z02,2025-11-16T18:08:00Z,event,evening(17-22),Report of event noise in Z02 during evening(17-22). (Synthetic; no personal data),under_review
REP00566,Z09,2025-10-06T12:51:00Z,event,day(09-17),Report of event noise in Z09 during day(09-17). (Synthetic; no personal data),under_review
REP00567,Z02,2025-10-13T20:57:00Z,music,evening(17-22),Report of music noise in Z02 during evening(17-22). (Synthetic; no personal data),under_review
REP00568,Z05,2025-11-02T03:36:00Z,machinery,night(00-06),Report of machinery noise in Z05 during night(00-06). (Synthetic; no personal data),action_planned
REP00569,Z11,2025-10-25T23:16:00Z,music,late(22-24),Report of music noise in Z11 during late(22-24). (Synthetic; no personal data),closed
REP00570,Z02,2025-10-16T21:16:00Z,event,evening(17-22),Report of event noise in Z02 during evening(17-22). (Synthetic; no personal data),action_planned
REP00571,Z04,2025-11-29T06:20:00Z,music,morning(06-09),Report of music noise in Z04 during morning(06-09). (Synthetic; no personal data),under_review
REP00572,Z11,2025-10-31T11:08:00Z,other,day(09-17),Report of other noise in Z11 during day(09-17). (Synthetic; no personal data),under_review
REP00573,Z01,2025-10-13T08:35:00Z,other,morning(06-09),Report of other noise in Z01 during morning(06-09). (Synthetic; no personal data),action_planned
REP00574,Z05,2025-11-26T15:32:00Z,construction,day(09-17),Report of construction noise in Z05 during day(09-17). (Synthetic; no personal data),under_review
REP00575,Z06,2025-10-06T07:01:00Z,other,morning(06-09),Report of other noise in Z06 during morning(06-09). (Synthetic; no personal data),under_review
REP00576,Z06,2025-11-25T00:19:00Z,neighbours,night(00-06),Report of neighbours noise in Z06 during night(00-06). (Synthetic; no personal data),under_review
REP00577,Z08,2025-11-18T18:45:00Z,construction,evening(17-22),Report of construction noise in Z08 during evening(17-22). (Synthetic; no personal data),action_planned
REP00578,Z09,2025-11-13T01:56:00Z,construction,night(00-06),Report of construction noise in Z09 during night(00-06). (Synthetic; no personal data),under_review
REP00579,Z11,2025-11-22T15:45:00Z,other,day(09-17),Report of other noise in Z11 during day(09-17). (Synthetic; no personal data),closed
REP00580,Z04,2025-10-04T07:39:00Z,event,morning(06-09),Report of event noise in Z04 during morning(06-09). (Synthetic; no personal data),under_review
REP00581,Z10,2025-11-30T22:08:00Z,other,late(22-24),Report of other noise in Z10 during late(22-24). (Synthetic; no personal data),under_review
REP00582,Z10,2025-12-02T01:33:00Z,event,night(00-06),Report of event noise in Z10 during night(00-06). (Synthetic; no personal data),under_review
REP00583,Z08,2025-10-17T08:47:00Z,construction,morning(06-09),Report of construction noise in Z08 during morning(06-09). (Synthetic; no personal data),closed
REP00584,Z06,2025-10-05T01:57:00Z,machinery,night(00-06),Report of machinery noise in Z06 during night(00-06). (Synthetic; no personal data),under_review
REP00585,Z04,2025-10-23T12:08:00Z,construction,day(09-17),Report of construction noise in Z04 during day(09-17). (Synthetic; no personal data),under_review
REP00586,Z06,2025-11-10T17:06:00Z,neighbours,evening(17-22),Report of neighbours noise in Z06 during evening(17-22). (Synthetic; no personal data),under_review
REP00587,Z01,2025-10-06T17:37:00Z,neighbours,evening(17-22),Report of neighbours noise in Z01 during evening(17-22). (Synthetic; no personal data),closed
REP00588,Z08,2025-11-09T23:57:00Z,event,late(22-24),Report of event noise in Z08 during late(22-24). (Synthetic; no personal data),under_review
REP00589,Z02,2025-11-15T09:10:00Z,event,day(09-17),Report of event noise in Z02 during day(09-17). (Synthetic; no personal data),under_review
REP00590,Z06,2025-11-15T05:00:00Z,other,night(00-06),Report of other noise in Z06 during night(00-06). (Synthetic; no personal data),under_review
REP00591,Z01,2025-11-07T08:47:00Z,traffic,morning(06-09),Report of traffic noise in Z01 during morning(06-09). (Synthetic; no personal data),closed
REP00592,Z07,2025-11-13T00:53:00Z,event,night(00-06),Report of event noise in Z07 during night(00-06). (Synthetic; no personal data),under_review
REP00593,Z09,2025-11-13T07:10:00Z,machinery,morning(06-09),Report of machinery noise in Z09 during morning(06-09). (Synthetic; no personal data),under_review
REP00594,Z09,2025-11-30T06:00:00Z,machinery,morning(06-09),Report of machinery noise in Z09 during morning(06-09). (Synthetic; no personal data),action_planned
REP00595,Z11,2025-11-06T16:06:00Z,music,day(09-17),Report of music noise in Z11 during day(09-17). (Synthetic; no personal data),under_review
REP00596,Z09,2025-11-21T11:53:00Z,event,day(09-17),Report of event noise in Z09 during day(09-17). (Synthetic; no personal data),under_review
REP00597,Z01,2025-11-27T17:11:00Z,neighbours,evening(17-22),Report of neighbours noise in Z01 during evening(17-22). (Synthetic; no personal data),under_review
REP00598,Z09,2025-11-17T22:34:00Z,other,late(22-24),Report of other noise in Z09 during late(22-24). (Synthetic; no personal data),under_review
REP00599,Z04,2025-11-09T11:21:00Z,traffic,day(09-17),Report of traffic noise in Z04 during day(09-17). (Synthetic; no personal data),action_planned
REP00600,Z11,2025-11-08T08:15:00Z,neighbours,morning(06-09),Report of neighbours noise in Z11 during morning(06-09). (Synthetic; no personal data),under_review
REP00601,Z08,2025-10-15T21:09:00Z,music,evening(17-22),Report of music noise in Z08 during evening(17-22). (Synthetic; no personal data),under_review
REP00602,Z10,2025-11-03T17:08:00Z,event,evening(17-22),Report of event noise in Z10 during evening(17-22). (Synthetic; no personal data),under_review
REP00603,Z04,2025-10-20T16:03:00Z,music,day(09-17),Report of music noise in Z04 during day(09-17). (Synthetic; no personal data),under_review
REP00604,Z01,2025-11-12T05:01:00Z,traffic,night(00-06),Report of traffic noise in Z01 during night(00-06). (Synthetic; no personal data),under_review
REP00605,Z01,2025-11-23T15:42:00Z,traffic,day(09-17),Report of traffic noise in Z01 during day(09-17). (Synthetic; no personal data),closed
REP00606,Z04,2025-11-16T20:47:00Z,construction,evening(17-22),Report of construction noise in Z04 during evening(17-22). (Synthetic; no personal data),action_planned
REP00607,Z12,2025-11-06T08:27:00Z,traffic,morning(06-09),Report of traffic noise in Z12 during morning(06-09). (Synthetic; no personal data),closed
REP00608,Z01,2025-10-02T17:31:00Z,event,evening(17-22),Report of event noise in Z01 during evening(17-22). (Synthetic; no personal data),under_review
REP00609,Z03,2025-11-12T20:57:00Z,music,evening(17-22),Report of music noise in Z03 during evening(17-22). (Synthetic; no personal data),closed
REP00610,Z07,2025-11-08T06:50:00Z,traffic,morning(06-09),Report of traffic noise in Z07 during morning(06-09). (Synthetic; no personal data),action_planned
REP00611,Z10,2025-11-07T19:26:00Z,music,evening(17-22),Report of music noise in Z10 during evening(17-22). (Synthetic; no personal data),under_review
REP00612,Z06,2025-11-10T06:18:00Z,other,morning(06-09),Report of other noise in Z06 during morning(06-09). (Synthetic; no personal data),under_review
REP00613,Z05,2025-11-30T01:15:00Z,other,night(00-06),Report of other noise in Z05 during night(00-06). (Synthetic; no personal data),under_review
REP00614,Z06,2025-11-09T00:04:00Z,music,night(00-06),Report of music noise in Z06 during night(00-06). (Synthetic; no personal data),under_review
REP00615,Z11,2025-11-11T14:40:00Z,event,day(09-17),Report of event noise in Z11 during day(09-17). (Synthetic; no personal data),under_review
REP00616,Z09,2025-10-05T17:41:00Z,other,evening(17-22),Report of other noise in Z09 during evening(17-22). (Synthetic; no personal data),under_review
REP00617,Z07,2025-11-12T20:23:00Z,music,evening(17-22),Report of music noise in Z07 during evening(17-22). (Synthetic; no personal data),action_planned
REP00618,Z11,2025-11-05T11:03:00Z,construction,day(09-17),Report of construction noise in Z11 during day(09-17). (Synthetic; no personal data),action_planned
REP00619,Z09,2025-10-22T22:29:00Z,traffic,late(22-24),Report of traffic noise in Z09 during late(22-24). (Synthetic; no personal data),closed
REP00620,Z02,2025-10-23T22:19:00Z,music,late(22-24),Report of music noise in Z02 during late(22-24). (Synthetic; no personal data),under_review
REP00621,Z10,2025-10-16T13:33:00Z,traffic,day(09-17),Report of traffic noise in Z10 during day(09-17). (Synthetic; no personal data),under_review
REP00622,Z12,2025-10-07T23:28:00Z,other,late(22-24),Report of other noise in Z12 during late(22-24). (Synthetic; no personal data),under_review
REP00623,Z05,2025-10-16T03:05:00Z,neighbours,night(00-06),Report of neighbours noise in Z05 during night(00-06). (Synthetic; no personal data),under_review
REP00624,Z04,2025-10-29T13:46:00Z,machinery,day(09-17),Report of machinery noise in Z04 during day(09-17). (Synthetic; no personal data),under_review
REP00625,Z02,2025-11-01T13:26:00Z,music,day(09-17),Report of music noise in Z02 during day(09-17). (Synthetic; no personal data),under_review
REP00626,Z10,2025-11-04T02:58:00Z,construction,night(00-06),Report of construction noise in Z10 during night(00-06). (Synthetic; no personal data),under_review
REP00627,Z04,2025-11-15T04:27:00Z,neighbours,night(00-06),Report of neighbours noise in Z04 during night(00-06). (Synthetic; no personal data),action_planned
REP00628,Z07,2025-10-26T08:53:00Z,construction,morning(06-09),Report of construction noise in Z07 during morning(06-09). (Synthetic; no personal data),under_review
REP00629,Z01,2025-10-23T12:02:00Z,music,day(09-17),Report of music noise in Z01 during day(09-17). (Synthetic; no personal data),action_planned
REP00630,Z10,2025-10-05T15:19:00Z,neighbours,day(09-17),Report of neighbours noise in Z10 during day(09-17). (Synthetic; no personal data),action_planned
REP00631,Z07,2025-11-03T10:54:00Z,neighbours,day(09-17),Report of neighbours noise in Z07 during day(09-17). (Synthetic; no personal data),under_review
REP00632,Z01,2025-10-08T14:20:00Z,traffic,day(09-17),Report of traffic noise in Z01 during day(09-17). (Synthetic; no personal data),under_review
REP00633,Z05,2025-10-14T03:01:00Z,traffic,night(00-06),Report of traffic noise in Z05 during night(00-06). (Synthetic; no personal data),under_review
REP00634,Z11,2025-11-20T07:22:00Z,traffic,morning(06-09),Report of traffic noise in Z11 during morning(06-09). (Synthetic; no personal data),action_planned
REP00635,Z09,2025-11-24T23:45:00Z,traffic,late(22-24),Report of traffic noise in Z09 during late(22-24). (Synthetic; no personal data),under_review
REP00636,Z10,2025-12-01T03:40:00Z,music,night(00-06),Report of music noise in Z10 during night(00-06). (Synthetic; no personal data),under_review
REP00637,Z12,2025-12-02T19:33:00Z,machinery,evening(17-22),Report of machinery noise in Z12 during evening(17-22). (Synthetic; no personal data),under_review
REP00638,Z04,2025-10-31T21:26:00Z,construction,evening(17-22),Report of construction noise in Z04 during evening(17-22). (Synthetic; no personal data),action_planned
REP00639,Z06,2025-10-21T07:32:00Z,neighbours,morning(06-09),Report of neighbours noise in Z06 during morning(06-09). (Synthetic; no personal data),under_review
REP00640,Z04,2025-10-09T13:46:00Z,machinery,day(09-17),Report of machinery noise in Z04 during day(09-17). (Synthetic; no personal data),action_planned
REP00641,Z12,2025-11-25T00:37:00Z,neighbours,night(00-06),Report of neighbours noise in Z12 during night(00-06). (Synthetic; no personal data),under_review
REP00642,Z06,2025-11-12T22:32:00Z,other,late(22-24),Report of other noise in Z06 during late(22-24). (Synthetic; no personal data),action_planned
REP00643,Z01,2025-10-02T14:16:00Z,traffic,day(09-17),Report of traffic noise in Z01 during day(09-17). (Synthetic; no personal data),under_review
REP00644,Z11,2025-10-12T04:04:00Z,machinery,night(00-06),Report of machinery noise in Z11 during night(00-06). (Synthetic; no personal data),under_review
REP00645,Z03,2025-11-16T13:48:00Z,traffic,day(09-17),Report of traffic noise in Z03 during day(09-17). (Synthetic; no personal data),under_review
REP00646,Z11,2025-10-20T01:48:00Z,music,night(00-06),Report of music noise in Z11 during night(00-06). (Synthetic; no personal data),action_planned
REP00647,Z09,2025-10-20T16:57:00Z,machinery,day(09-17),Report of machinery noise in Z09 during day(09-17). (Synthetic; no personal data),under_review
REP00648,Z02,2025-10-08T14:18:00Z,machinery,day(09-17),Report of machinery noise in Z02 during day(09-17). (Synthetic; no personal data),under_review
REP00649,Z01,2025-10-06T06:47:00Z,other,morning(06-09),Report of other noise in Z01 during morning(06-09). (Synthetic; no personal data),under_review
REP00650,Z02,2025-10-22T15:13:00Z,construction,day(09-17),Report of construction noise in Z02 during day(09-17). (Synthetic; no personal data),under_review
REP00651,Z01,2026-02-17T08:51:30Z,traffic,morning(06-09),Report of traffic noise in Z01 during morning(06-09). (Synthetic; no personal data),under_review
REP00652,Z01,2026-02-17T08:51:59Z,other,morning(06-09),Report of other noise in Z01 during morning(06-09). (Synthetic; no personal data),under_review
REP00653,Z07,2026-02-17T09:52:03Z,music,day(09-17),Report of music noise in Z07 during day(09-17). (Synthetic; no personal data),under_review
REP00654,Z02,2026-02-17T10:05:57Z,construction,day(09-17),Report of construction noise in Z02 during day(09-17). (Synthetic; no personal data),under_review
REP00655,Z01,2026-02-19T06:04:09Z,construction,night(00-06),Report of construction noise in Z01 during night(00-06). (Synthetic; no personal data),under_review
